-- phpMyAdmin SQL Dump
-- version 5.0.4
-- https://www.phpmyadmin.net/
--
-- Host: 127.0.0.1
-- Creato il: Mag 13, 2021 alle 22:50
-- Versione del server: 10.4.17-MariaDB
-- Versione PHP: 7.2.34

SET SQL_MODE = "NO_AUTO_VALUE_ON_ZERO";
START TRANSACTION;
SET time_zone = "+00:00";


/*!40101 SET @OLD_CHARACTER_SET_CLIENT=@@CHARACTER_SET_CLIENT */;
/*!40101 SET @OLD_CHARACTER_SET_RESULTS=@@CHARACTER_SET_RESULTS */;
/*!40101 SET @OLD_COLLATION_CONNECTION=@@COLLATION_CONNECTION */;
/*!40101 SET NAMES utf8mb4 */;

--
-- Database: `msr_dockerfile`
--

-- --------------------------------------------------------

--
-- Struttura della tabella `languages`
--

CREATE TABLE `languages` (
  `id_language` int(50) NOT NULL,
  `name` varchar(100) CHARACTER SET utf8 NOT NULL,
  `id_repository` int(50) NOT NULL,
  `percentage` float NOT NULL
) ENGINE=InnoDB DEFAULT CHARSET=utf8mb4;

--
-- Dump dei dati per la tabella `languages`
--

INSERT INTO `languages` (`id_language`, `name`, `id_repository`, `percentage`) VALUES
(1, 'TypeScript', 1, 99.99),
(2, 'Dockerfile', 1, 0.01),
(3, 'Go', 2, 96.74),
(4, 'Shell', 2, 1.72),
(5, 'PowerShell', 2, 1.09),
(6, 'Dockerfile', 2, 0.25),
(7, 'Makefile', 2, 0.14),
(8, 'C', 2, 0.06),
(9, 'Clojure', 3, 51.62),
(10, 'Shell', 3, 20.13),
(11, 'Python', 3, 14.15),
(12, 'HTML', 3, 8.77),
(13, 'CSS', 3, 2.93),
(14, 'PureBasic', 3, 1.27),
(15, 'Dockerfile', 3, 0.81),
(16, 'Makefile', 3, 0.31),
(17, 'JavaScript', 4, 88.06),
(18, 'Less', 4, 8.75),
(19, 'CoffeeScript', 4, 2.98),
(20, 'Shell', 4, 0.15),
(21, 'Batchfile', 4, 0.05),
(22, 'Dockerfile', 4, 0.01),
(23, 'HTML', 4, 0.01),
(24, 'C', 5, 74.44),
(25, 'Python', 5, 8.15),
(26, 'JavaScript', 5, 7.5),
(27, 'Shell', 5, 3.79),
(28, 'HTML', 5, 2.49),
(29, 'CSS', 5, 1.87),
(30, 'Makefile', 5, 0.69),
(31, 'M4', 5, 0.48),
(32, 'CMake', 5, 0.25),
(33, 'C++', 5, 0.2),
(34, 'Dockerfile', 5, 0.07),
(35, 'POV-Ray SDL', 5, 0.04),
(36, 'Objective-C', 5, 0.04),
(37, 'Go', 6, 99.1),
(38, 'HTML', 6, 0.51),
(39, 'Python', 6, 0.31),
(40, 'Shell', 6, 0.05),
(41, 'Dockerfile', 6, 0.03),
(42, 'Shell', 7, 97.65),
(43, 'Makefile', 7, 1.38),
(44, 'Dockerfile', 7, 0.96),
(45, 'JavaScript', 7, 0.01),
(46, 'C++', 8, 53.39),
(47, 'Python', 8, 34.55),
(48, 'Cuda', 8, 5.27),
(49, 'C', 8, 3.37),
(50, 'CMake', 8, 1.18),
(51, 'Objective-C++', 8, 0.56),
(52, 'Shell', 8, 0.44),
(53, 'Assembly', 8, 0.36),
(54, 'Starlark', 8, 0.19),
(55, 'Java', 8, 0.18),
(56, 'PureBasic', 8, 0.17),
(57, 'GLSL', 8, 0.07),
(58, 'Metal', 8, 0.06),
(59, 'Dockerfile', 8, 0.04),
(60, 'JavaScript', 8, 0.04),
(61, 'Batchfile', 8, 0.03),
(62, 'Objective-C', 8, 0.03),
(63, 'Jupyter Notebook', 8, 0.02),
(64, 'Ruby', 8, 0.01),
(65, 'HTML', 8, 0.01),
(66, 'PowerShell', 8, 0.01),
(67, 'Makefile', 8, 0.01),
(68, 'Yacc', 8, 0.01),
(69, 'Dockerfile', 9, 100),
(70, 'Python', 10, 99.98),
(71, 'Shell', 10, 0.01),
(72, 'Dockerfile', 10, 0.01),
(73, 'TypeScript', 11, 60.2),
(74, 'Go', 11, 30.38),
(75, 'HTML', 11, 2.39),
(76, 'Rich Text Format', 11, 2.06),
(77, 'JavaScript', 11, 1.93),
(78, 'SCSS', 11, 1.45),
(79, 'Shell', 11, 0.83),
(80, 'Dockerfile', 11, 0.2),
(81, 'Jsonnet', 11, 0.19),
(82, 'Python', 11, 0.14),
(83, 'CSS', 11, 0.11),
(84, 'Makefile', 11, 0.05),
(85, 'Jinja', 11, 0.03),
(86, 'Smarty', 11, 0.01),
(87, 'Mustache', 11, 0.01),
(88, 'C++', 12, 95),
(89, 'Shell', 12, 1.09),
(90, 'C', 12, 1.05),
(91, 'CMake', 12, 1.01),
(92, 'Java', 12, 0.93),
(93, 'Makefile', 12, 0.87),
(94, 'M4', 12, 0.04),
(95, 'Python', 12, 0.01),
(96, 'Dockerfile', 12, 0.01),
(97, 'Python', 13, 90.58),
(98, 'Makefile', 13, 5.92),
(99, 'Dockerfile', 13, 3.5),
(100, 'JavaScript', 14, 96.86),
(101, 'Java', 14, 1.57),
(102, 'Kotlin', 14, 0.33),
(103, 'Go', 14, 0.24),
(104, 'Shell', 14, 0.23),
(105, 'Python', 14, 0.19),
(106, 'TypeScript', 14, 0.11),
(107, 'C#', 14, 0.09),
(108, 'Ruby', 14, 0.08),
(109, 'Scala', 14, 0.07),
(110, 'Clojure', 14, 0.05),
(111, 'Groovy', 14, 0.04),
(112, 'Makefile', 14, 0.04),
(113, 'Dockerfile', 14, 0.03),
(114, 'F#', 14, 0.01),
(115, 'PowerShell', 14, 0.01),
(116, 'Batchfile', 14, 0.01),
(117, 'Swift', 14, 0.01),
(118, 'PHP', 14, 0.01),
(119, 'Go', 15, 97.49),
(120, 'Starlark', 15, 1.26),
(121, 'Shell', 15, 1.14),
(122, 'Dockerfile', 15, 0.06),
(123, 'Assembly', 15, 0.05),
(124, 'Go', 16, 90.67),
(125, 'Less', 16, 4.14),
(126, 'JavaScript', 16, 3.27),
(127, 'Shell', 16, 1.68),
(128, 'Makefile', 16, 0.11),
(129, 'Dockerfile', 16, 0.07),
(130, 'Batchfile', 16, 0.06),
(131, 'Go', 17, 88.68),
(132, 'TypeScript', 17, 6.42),
(133, 'JavaScript', 17, 1.69),
(134, 'HTML', 17, 1.42),
(135, 'Yacc', 17, 0.67),
(136, 'SCSS', 17, 0.35),
(137, 'CSS', 17, 0.24),
(138, 'Shell', 17, 0.23),
(139, 'Lex', 17, 0.15),
(140, 'Makefile', 17, 0.1),
(141, 'Dockerfile', 17, 0.03),
(142, 'Go', 18, 67.38),
(143, 'Ruby', 18, 15.67),
(144, 'Shell', 18, 9.96),
(145, 'Vim script', 18, 5.72),
(146, 'Makefile', 18, 0.82),
(147, 'PowerShell', 18, 0.35),
(148, 'Dockerfile', 18, 0.09),
(149, 'Go', 19, 83.9),
(150, 'HTML', 19, 7.37),
(151, 'JavaScript', 19, 4.73),
(152, 'TypeScript', 19, 2.95),
(153, 'CSS', 19, 0.64),
(154, 'SCSS', 19, 0.25),
(155, 'Shell', 19, 0.12),
(156, 'Dockerfile', 19, 0.02),
(157, 'Ruby', 19, 0.01),
(158, 'PowerShell', 19, 0.01),
(159, 'Go', 20, 91.13),
(160, 'Vue', 20, 5.35),
(161, 'JavaScript', 20, 2.5),
(162, 'Shell', 20, 0.46),
(163, 'SCSS', 20, 0.22),
(164, 'Makefile', 20, 0.18),
(165, 'Dockerfile', 20, 0.1),
(166, 'HTML', 20, 0.05),
(167, 'Stylus', 20, 0.02),
(168, 'SCSS', 21, 43.81),
(169, 'Shell', 21, 18.64),
(170, 'JavaScript', 21, 18.12),
(171, 'Ruby', 21, 12.5),
(172, 'HTML', 21, 6.15),
(173, 'Dockerfile', 21, 0.77),
(174, 'JavaScript', 22, 53.84),
(175, 'Pug', 22, 35.17),
(176, 'SCSS', 22, 9.33),
(177, 'Shell', 22, 1.53),
(178, 'Dockerfile', 22, 0.13),
(179, 'TypeScript', 23, 53.76),
(180, 'Vue', 23, 32.22),
(181, 'Sass', 23, 6.23),
(182, 'JavaScript', 23, 4.79),
(183, 'SCSS', 23, 2.94),
(184, 'HTML', 23, 0.06),
(185, 'Shell', 23, 0.01),
(186, 'Python', 24, 96.17),
(187, 'JavaScript', 24, 1.24),
(188, 'HTML', 24, 0.67),
(189, 'Java', 24, 0.6),
(190, 'Makefile', 24, 0.53),
(191, 'HCL', 24, 0.23),
(192, 'Dockerfile', 24, 0.2),
(193, 'CSS', 24, 0.15),
(194, 'Shell', 24, 0.14),
(195, 'C#', 24, 0.06),
(196, 'Go', 25, 88.79),
(197, 'C', 25, 5.43),
(198, 'JavaScript', 25, 3.57),
(199, 'Assembly', 25, 0.77),
(200, 'Java', 25, 0.25),
(201, 'Sage', 25, 0.25),
(202, 'M4', 25, 0.21),
(203, 'NSIS', 25, 0.19),
(204, 'Solidity', 25, 0.12),
(205, 'Shell', 25, 0.12),
(206, 'Makefile', 25, 0.1),
(207, 'HTML', 25, 0.09),
(208, 'C++', 25, 0.06),
(209, 'Python', 25, 0.05),
(210, 'Ruby', 25, 0.01),
(211, 'Python', 26, 99.09),
(212, 'Shell', 26, 0.5),
(213, 'Dockerfile', 26, 0.41),
(214, 'Python', 27, 93.99),
(215, 'JavaScript', 27, 2.15),
(216, 'CSS', 27, 2.12),
(217, 'Jupyter Notebook', 27, 1.46),
(218, 'HTML', 27, 0.22),
(219, 'Shell', 27, 0.05),
(220, 'Dockerfile', 27, 0.01),
(221, 'Python', 28, 95.52),
(222, 'HTML', 28, 2.45),
(223, 'C', 28, 1.9),
(224, 'Shell', 28, 0.1),
(225, 'Smarty', 28, 0.01),
(226, 'Dockerfile', 28, 0.01),
(227, 'XSLT', 28, 0.01),
(228, 'CSS', 28, 0.01),
(229, 'TypeScript', 29, 88.35),
(230, 'JavaScript', 29, 4.66),
(231, 'Less', 29, 3.83),
(232, 'EJS', 29, 3.07),
(233, 'Dockerfile', 29, 0.09),
(234, 'Vue', 30, 60),
(235, 'JavaScript', 30, 36.02),
(236, 'SCSS', 30, 2.11),
(237, 'CSS', 30, 1),
(238, 'TypeScript', 30, 0.76),
(239, 'Shell', 30, 0.05),
(240, 'Dockerfile', 30, 0.05),
(241, 'Ruby', 31, 93.22),
(242, 'Shell', 31, 4.34),
(243, 'Roff', 31, 1.82),
(244, 'HTML', 31, 0.54),
(245, 'Swift', 31, 0.03),
(246, 'Dockerfile', 31, 0.03),
(247, 'PostScript', 31, 0.01),
(248, 'CSS', 32, 41.45),
(249, 'Shell', 32, 34.91),
(250, 'Python', 32, 13.88),
(251, 'PowerShell', 32, 8.74),
(252, 'HTML', 32, 0.82),
(253, 'Dockerfile', 32, 0.21),
(254, 'Go', 33, 99.76),
(255, 'Shell', 33, 0.12),
(256, 'PowerShell', 33, 0.06),
(257, 'Makefile', 33, 0.05),
(258, 'Dockerfile', 33, 0.01),
(259, 'Go', 34, 94.59),
(260, 'JavaScript', 34, 4.26),
(261, 'Less', 34, 0.7),
(262, 'Shell', 34, 0.27),
(263, 'HTML', 34, 0.06),
(264, 'Makefile', 34, 0.05),
(265, 'CSS', 34, 0.05),
(266, 'Dockerfile', 34, 0.02),
(267, 'Go', 35, 97.69),
(268, 'HTML', 35, 0.7),
(269, 'Shell', 35, 0.5),
(270, 'Python', 35, 0.41),
(271, 'JavaScript', 35, 0.37),
(272, 'Makefile', 35, 0.21),
(273, 'C', 35, 0.06),
(274, 'Dockerfile', 35, 0.05),
(275, 'Batchfile', 35, 0.01),
(276, 'TypeScript', 36, 85.4),
(277, 'JavaScript', 36, 8.89),
(278, 'Shell', 36, 3.7),
(279, 'Dockerfile', 36, 1.16),
(280, 'CSS', 36, 0.53),
(281, 'HTML', 36, 0.33),
(282, 'Go', 37, 99.2),
(283, 'HTML', 37, 0.62),
(284, 'Shell', 37, 0.12),
(285, 'HCL', 37, 0.02),
(286, 'Makefile', 37, 0.02),
(287, 'Dockerfile', 37, 0.01),
(288, 'Go', 38, 97.21),
(289, 'Makefile', 38, 1.73),
(290, 'Shell', 38, 0.93),
(291, 'Dockerfile', 38, 0.14),
(292, 'Java', 39, 59.97),
(293, 'JavaScript', 39, 35.41),
(294, 'HTML', 39, 1.81),
(295, 'Shell', 39, 1.08),
(296, 'Python', 39, 0.68),
(297, 'CSS', 39, 0.51),
(298, 'Batchfile', 39, 0.37),
(299, 'Roff', 39, 0.1),
(300, 'Makefile', 39, 0.04),
(301, 'Dockerfile', 39, 0.03),
(302, 'Ruby', 40, 77.17),
(303, 'CoffeeScript', 40, 14.79),
(304, 'SCSS', 40, 5.99),
(305, 'HTML', 40, 1.45),
(306, 'CSS', 40, 0.33),
(307, 'JavaScript', 40, 0.25),
(308, 'Dockerfile', 40, 0.04),
(309, 'Clojure', 41, 53.88),
(310, 'JavaScript', 41, 40.59),
(311, 'HTML', 41, 3.69),
(312, 'CSS', 41, 1.19),
(313, 'Objective-C', 41, 0.27),
(314, 'Shell', 41, 0.22),
(315, 'Mustache', 41, 0.08),
(316, 'Dockerfile', 41, 0.04),
(317, 'Emacs Lisp', 41, 0.02),
(318, 'Java', 41, 0.02),
(319, 'AppleScript', 41, 0.01),
(320, 'TypeScript', 42, 89.77),
(321, 'JavaScript', 42, 6.66),
(322, 'SCSS', 42, 1.98),
(323, 'HTML', 42, 1.36),
(324, 'Shell', 42, 0.23),
(325, 'Go', 43, 59.64),
(326, 'Handlebars', 43, 11.94),
(327, 'CSS', 43, 8.07),
(328, 'JavaScript', 43, 7.68),
(329, 'Roff', 43, 6.36),
(330, 'Shell', 43, 3.8),
(331, 'Less', 43, 1.74),
(332, 'Perl', 43, 0.42),
(333, 'Makefile', 43, 0.3),
(334, 'Vue', 43, 0.04),
(335, 'Dockerfile', 43, 0.01),
(336, 'Python', 44, 99),
(337, 'Dockerfile', 44, 1),
(338, 'JavaScript', 45, 52.72),
(339, 'CoffeeScript', 45, 21.17),
(340, 'HTML', 45, 20.06),
(341, 'CSS', 45, 5.73),
(342, 'Shell', 45, 0.26),
(343, 'Python', 45, 0.04),
(344, 'Visual Basic', 45, 0.01),
(345, 'PHP', 45, 0.01),
(346, 'TypeScript', 46, 95.5),
(347, 'Starlark', 46, 1.89),
(348, 'JavaScript', 46, 1.63),
(349, 'EJS', 46, 0.52),
(350, 'HTML', 46, 0.23),
(351, 'Shell', 46, 0.22),
(352, 'JavaScript', 47, 98.3),
(353, 'TypeScript', 47, 1.69),
(354, 'Shell', 47, 0.01),
(355, 'Python', 48, 67.46),
(356, 'Shell', 48, 30.66),
(357, 'HTML', 48, 1.27),
(358, 'Dockerfile', 48, 0.29),
(359, 'CSS', 48, 0.24),
(360, 'Vim script', 48, 0.09),
(361, 'Ruby', 49, 56.88),
(362, 'JavaScript', 49, 28.02),
(363, 'SCSS', 49, 8.45),
(364, 'Haml', 49, 6.19),
(365, 'HTML', 49, 0.27),
(366, 'Dockerfile', 49, 0.08),
(367, 'Mustache', 49, 0.05),
(368, 'Shell', 49, 0.05),
(369, 'Ruby', 50, 94.46),
(370, 'PowerShell', 50, 2.76),
(371, 'C', 50, 1.56),
(372, 'Python', 50, 0.53),
(373, 'HTML', 50, 0.16),
(374, 'JavaScript', 50, 0.15),
(375, 'Assembly', 50, 0.09),
(376, 'Rich Text Format', 50, 0.08),
(377, 'Go', 50, 0.04),
(378, 'Shell', 50, 0.03),
(379, 'Java', 50, 0.03),
(380, 'Objective-C', 50, 0.02),
(381, 'C++', 50, 0.02),
(382, 'CSS', 50, 0.01),
(383, 'PostScript', 50, 0.01),
(384, 'Dockerfile', 50, 0.01),
(385, 'Makefile', 50, 0.01),
(386, 'VBScript', 50, 0.01),
(387, 'Batchfile', 50, 0.01),
(388, 'PHP', 50, 0.01),
(389, 'V', 51, 98.48),
(390, 'CSS', 51, 0.34),
(391, 'Batchfile', 51, 0.3),
(392, 'JavaScript', 51, 0.28),
(393, 'Objective-C', 51, 0.11),
(394, 'Makefile', 51, 0.1),
(395, 'Gnuplot', 51, 0.08),
(396, 'HTML', 51, 0.06),
(397, 'Dockerfile', 51, 0.05),
(398, 'Python', 51, 0.05),
(399, 'Go', 51, 0.03),
(400, 'AMPL', 51, 0.03),
(401, 'C', 51, 0.03),
(402, 'C++', 51, 0.02),
(403, 'Assembly', 51, 0.02),
(404, 'Shell', 51, 0.01),
(405, 'GLSL', 51, 0.01),
(406, 'Roff', 52, 49.46),
(407, 'Shell', 52, 48.02),
(408, 'Python', 52, 1.8),
(409, 'Makefile', 52, 0.3),
(410, 'C', 52, 0.28),
(411, 'Dockerfile', 52, 0.14),
(412, 'Vim script', 52, 0.01),
(413, 'Python', 53, 67.7),
(414, 'Shell', 53, 30.02),
(415, 'Dockerfile', 53, 2.27),
(416, 'Python', 54, 95.01),
(417, 'Shell', 54, 2.95),
(418, 'Groovy', 54, 1.05),
(419, 'PowerShell', 54, 0.61),
(420, 'Dockerfile', 54, 0.25),
(421, 'Makefile', 54, 0.13),
(422, 'JavaScript', 55, 95.71),
(423, 'HTML', 55, 2.74),
(424, 'CSS', 55, 0.99),
(425, 'Dockerfile', 55, 0.45),
(426, 'Shell', 55, 0.11),
(427, 'Shell', 56, 99.84),
(428, 'Dockerfile', 56, 0.16),
(429, 'Python', 57, 97.46),
(430, 'Roff', 57, 2.34),
(431, 'Makefile', 57, 0.1),
(432, 'PowerShell', 57, 0.03),
(433, 'Shell', 57, 0.02),
(434, 'HTML', 57, 0.02),
(435, 'Dockerfile', 57, 0.01),
(436, 'Batchfile', 57, 0.01),
(437, 'Python', 58, 92.95),
(438, 'Shell', 58, 4.15),
(439, 'TypeScript', 58, 0.9),
(440, 'HTML', 58, 0.84),
(441, 'JavaScript', 58, 0.61),
(442, 'Dockerfile', 58, 0.23),
(443, 'Jinja', 58, 0.14),
(444, 'CSS', 58, 0.14),
(445, 'HCL', 58, 0.02),
(446, 'Jupyter Notebook', 58, 0.02),
(447, 'Mako', 58, 0.01),
(448, 'Go', 59, 77.68),
(449, 'TypeScript', 59, 20.53),
(450, 'SCSS', 59, 1.19),
(451, 'Python', 59, 0.24),
(452, 'Shell', 59, 0.22),
(453, 'Makefile', 59, 0.06),
(454, 'FLUX', 59, 0.04),
(455, 'JavaScript', 59, 0.02),
(456, 'Dockerfile', 59, 0.01),
(457, 'Shell', 60, 62.96),
(458, 'Go', 60, 28.64),
(459, 'Python', 60, 3.14),
(460, 'Makefile', 60, 3.1),
(461, 'JavaScript', 60, 0.67),
(462, 'Dockerfile', 60, 0.59),
(463, 'HTML', 60, 0.48),
(464, 'Scala', 60, 0.21),
(465, 'Java', 60, 0.08),
(466, 'Clojure', 60, 0.06),
(467, 'Ruby', 60, 0.02),
(468, 'SCSS', 60, 0.02),
(469, 'Handlebars', 60, 0.02),
(470, 'Lua', 61, 59.38),
(471, 'HTML', 61, 29.22),
(472, 'Shell', 61, 4.44),
(473, 'JavaScript', 61, 2.35),
(474, 'Python', 61, 2.13),
(475, 'CSS', 61, 1.95),
(476, 'Ruby', 61, 0.37),
(477, 'Dockerfile', 61, 0.15),
(478, 'Go', 62, 49.4),
(479, 'Gherkin', 62, 39.81),
(480, 'Shell', 62, 5.4),
(481, 'Ruby', 62, 4.18),
(482, 'Makefile', 62, 0.33),
(483, 'Batchfile', 62, 0.29),
(484, 'Vim script', 62, 0.28),
(485, 'HTML', 62, 0.23),
(486, 'Dockerfile', 62, 0.08),
(487, 'Python', 63, 99.84),
(488, 'Vim script', 63, 0.14),
(489, 'Dockerfile', 63, 0.02),
(490, 'PHP', 64, 97.47),
(491, 'JavaScript', 64, 1.83),
(492, 'Makefile', 64, 0.62),
(493, 'Dockerfile', 64, 0.08),
(494, 'JavaScript', 65, 89.44),
(495, 'CSS', 65, 10.16),
(496, 'Dockerfile', 65, 0.4),
(497, 'Python', 66, 45.35),
(498, 'HTML', 66, 41.44),
(499, 'Shell', 66, 11.84),
(500, 'Dockerfile', 66, 0.85),
(501, 'Makefile', 66, 0.52),
(502, 'JavaScript', 67, 47.85),
(503, 'TypeScript', 67, 37.82),
(504, 'HTML', 67, 14.02),
(505, 'CSS', 67, 0.26),
(506, 'Dockerfile', 67, 0.05),
(507, 'JavaScript', 68, 94.33),
(508, 'SCSS', 68, 4.26),
(509, 'HTML', 68, 0.98),
(510, 'Shell', 68, 0.35),
(511, 'Dockerfile', 68, 0.07),
(512, 'CSS', 68, 0.01),
(513, 'JavaScript', 69, 90.39),
(514, 'HTML', 69, 9.33),
(515, 'Dockerfile', 69, 0.16),
(516, 'TypeScript', 69, 0.11),
(517, 'Go', 70, 95.94),
(518, 'Shell', 70, 4),
(519, 'Dockerfile', 70, 0.06),
(520, 'Go', 71, 82.71),
(521, 'JavaScript', 71, 7.01),
(522, 'Handlebars', 71, 6.42),
(523, 'Python', 71, 1.84),
(524, 'Shell', 71, 0.98),
(525, 'SCSS', 71, 0.49),
(526, 'Makefile', 71, 0.21),
(527, 'HTML', 71, 0.2),
(528, 'Dockerfile', 71, 0.14),
(529, 'PHP', 72, 85.24),
(530, 'Python', 72, 7.97),
(531, 'Makefile', 72, 6.26),
(532, 'Dockerfile', 72, 0.53),
(533, 'TypeScript', 73, 96.19),
(534, 'HTML', 73, 3.76),
(535, 'Dockerfile', 73, 0.05),
(536, 'Vue', 74, 54.28),
(537, 'Kotlin', 74, 39.07),
(538, 'HTML', 74, 5.38),
(539, 'Dockerfile', 74, 1.27),
(540, 'C', 75, 93.07),
(541, 'M4', 75, 2.35),
(542, 'Yacc', 75, 1.26),
(543, 'Shell', 75, 1),
(544, 'jq', 75, 0.89),
(545, 'C++', 75, 0.49),
(546, 'Makefile', 75, 0.47),
(547, 'Lex', 75, 0.23),
(548, 'HTML', 75, 0.11),
(549, 'Dockerfile', 75, 0.08),
(550, 'Python', 75, 0.05),
(551, 'JavaScript', 76, 34.97),
(552, 'PHP', 76, 33.1),
(553, 'Python', 76, 31.92),
(554, 'Shell', 76, 0.01),
(555, 'Dockerfile', 76, 0.01),
(556, 'Java', 77, 84.07),
(557, 'Less', 77, 13.98),
(558, 'FreeMarker', 77, 1.53),
(559, 'Vue', 77, 0.32),
(560, 'Dockerfile', 77, 0.05),
(561, 'Shell', 77, 0.04),
(562, 'TypeScript', 78, 74.86),
(563, 'JavaScript', 78, 14.11),
(564, 'Less', 78, 5.85),
(565, 'Dockerfile', 78, 2.07),
(566, 'Shell', 78, 1.59),
(567, 'HTML', 78, 1.03),
(568, 'PowerShell', 78, 0.49),
(569, 'Python', 79, 40.17),
(570, 'JavaScript', 79, 33.79),
(571, 'TypeScript', 79, 17.81),
(572, 'Less', 79, 6.71),
(573, 'HTML', 79, 1.12),
(574, 'Shell', 79, 0.16),
(575, 'Dockerfile', 79, 0.11),
(576, 'CSS', 79, 0.08),
(577, 'Makefile', 79, 0.04),
(578, 'Mako', 79, 0.02),
(579, 'JavaScript', 80, 99.14),
(580, 'HTML', 80, 0.69),
(581, 'Shell', 80, 0.16),
(582, 'Dockerfile', 80, 0.02),
(583, 'JavaScript', 81, 51.84),
(584, 'TypeScript', 81, 19.89),
(585, 'Java', 81, 17.71),
(586, 'EJS', 81, 6.71),
(587, 'Vue', 81, 2.13),
(588, 'Shell', 81, 0.89),
(589, 'SCSS', 81, 0.67),
(590, 'CSS', 81, 0.06),
(591, 'Mustache', 81, 0.04),
(592, 'HTML', 81, 0.04),
(593, 'Dockerfile', 81, 0.03),
(594, 'JavaScript', 82, 64.25),
(595, 'CSS', 82, 34.42),
(596, 'HTML', 82, 0.88),
(597, 'R', 82, 0.15),
(598, 'Groovy', 82, 0.13),
(599, 'Hy', 82, 0.09),
(600, 'Shell', 82, 0.05),
(601, 'Scheme', 82, 0.03),
(602, 'Dockerfile', 82, 0.02),
(603, 'JavaScript', 83, 62.54),
(604, 'Vue', 83, 32.87),
(605, 'HTML', 83, 2.44),
(606, 'SCSS', 83, 1.89),
(607, 'Mustache', 83, 0.14),
(608, 'Shell', 83, 0.08),
(609, 'Dockerfile', 83, 0.03),
(610, 'Python', 84, 97.39),
(611, 'Batchfile', 84, 2.39),
(612, 'Dockerfile', 84, 0.21),
(613, 'Go', 85, 97.97),
(614, 'Dockerfile', 85, 0.88),
(615, 'Shell', 85, 0.78),
(616, 'Ruby', 85, 0.37),
(617, 'Java', 86, 85.72),
(618, 'HTML', 86, 7.35),
(619, 'JavaScript', 86, 3.01),
(620, 'CSS', 86, 1.76),
(621, 'Less', 86, 1.01),
(622, 'Groovy', 86, 0.62),
(623, 'Ruby', 86, 0.15),
(624, 'Handlebars', 86, 0.11),
(625, 'Perl', 86, 0.11),
(626, 'Shell', 86, 0.09),
(627, 'GAP', 86, 0.05),
(628, 'C', 86, 0.02),
(629, 'Dockerfile', 86, 0.01),
(630, 'Batchfile', 86, 0.01),
(631, 'JavaScript', 87, 54.7),
(632, 'HTML', 87, 27.84),
(633, 'Pug', 87, 6.12),
(634, 'Shell', 87, 4.4),
(635, 'Stylus', 87, 3.94),
(636, 'Python', 87, 1.43),
(637, 'Dockerfile', 87, 0.64),
(638, 'Batchfile', 87, 0.56),
(639, 'Cap\'n Proto', 87, 0.27),
(640, 'Mustache', 87, 0.1),
(641, 'Shell', 88, 62.25),
(642, 'Ruby', 88, 36.29),
(643, 'Makefile', 88, 0.8),
(644, 'Dockerfile', 88, 0.66),
(645, 'C++', 89, 33.77),
(646, 'Java', 89, 33.66),
(647, 'C', 89, 26.25),
(648, 'Assembly', 89, 2.16),
(649, 'Perl', 89, 1.92),
(650, 'Go', 89, 1.6),
(651, 'CMake', 89, 0.22),
(652, 'Objective-C++', 89, 0.13),
(653, 'NASL', 89, 0.11),
(654, 'Python', 89, 0.08),
(655, 'Objective-C', 89, 0.07),
(656, 'Raku', 89, 0.01),
(657, 'Shell', 89, 0.01),
(658, 'Shell', 90, 43.76),
(659, 'C++', 90, 29.96),
(660, 'C', 90, 22.05),
(661, 'Python', 90, 2.33),
(662, 'JavaScript', 90, 0.66),
(663, 'CMake', 90, 0.59),
(664, 'CSS', 90, 0.25),
(665, 'HTML', 90, 0.23),
(666, 'Dockerfile', 90, 0.06),
(667, 'Objective-C', 90, 0.04),
(668, 'Makefile', 90, 0.04),
(669, 'Pawn', 90, 0.01),
(670, 'Rich Text Format', 90, 0.01),
(671, 'JavaScript', 91, 52.75),
(672, 'Python', 91, 38.68),
(673, 'CSS', 91, 4.01),
(674, 'CoffeeScript', 91, 3.98),
(675, 'HTML', 91, 0.56),
(676, 'Dockerfile', 91, 0.02),
(677, 'Ruby', 92, 57.41),
(678, 'JavaScript', 92, 22.28),
(679, 'HTML', 92, 14.03),
(680, 'SCSS', 92, 5.85),
(681, 'Shell', 92, 0.29),
(682, 'VCL', 92, 0.13),
(683, 'Dockerfile', 92, 0.01),
(684, 'C', 93, 87.27),
(685, 'Shell', 93, 7.11),
(686, 'C++', 93, 1.45),
(687, 'M4', 93, 1.07),
(688, 'Roff', 93, 0.7),
(689, 'HTML', 93, 0.69),
(690, 'Python', 93, 0.54),
(691, 'Makefile', 93, 0.52),
(692, 'Assembly', 93, 0.27),
(693, 'JavaScript', 93, 0.24),
(694, 'CSS', 93, 0.12),
(695, 'Dockerfile', 93, 0.01),
(696, 'Go', 94, 99.22),
(697, 'Makefile', 94, 0.65),
(698, 'Dockerfile', 94, 0.13),
(699, 'JavaScript', 95, 99.93),
(700, 'Dockerfile', 95, 0.04),
(701, 'Shell', 95, 0.03),
(702, 'Python', 96, 89.88),
(703, 'HTML', 96, 5.31),
(704, 'JavaScript', 96, 2.64),
(705, 'Sass', 96, 2.05),
(706, 'Makefile', 96, 0.08),
(707, 'Dockerfile', 96, 0.05),
(708, 'JavaScript', 97, 96.79),
(709, 'Shell', 97, 2.05),
(710, 'Perl', 97, 0.81),
(711, 'Dockerfile', 97, 0.36),
(712, 'Go', 98, 92),
(713, 'Python', 98, 6.17),
(714, 'Dockerfile', 98, 0.95),
(715, 'Makefile', 98, 0.88),
(716, 'Ruby', 99, 99.56),
(717, 'HTML', 99, 0.19),
(718, 'Shell', 99, 0.19),
(719, 'Dockerfile', 99, 0.06),
(720, 'Python', 100, 59.35),
(721, 'JavaScript', 100, 24.85),
(722, 'CSS', 100, 10.13),
(723, 'HTML', 100, 5.3),
(724, 'Shell', 100, 0.37),
(725, 'C++', 101, 92.89),
(726, 'Shell', 101, 1.84),
(727, 'Perl', 101, 1.83),
(728, 'Python', 101, 1.65),
(729, 'C', 101, 1.46),
(730, 'Makefile', 101, 0.2),
(731, 'CMake', 101, 0.1),
(732, 'Dockerfile', 101, 0.03),
(733, 'Batchfile', 101, 0.02),
(734, 'Go', 102, 99.74),
(735, 'Dockerfile', 102, 0.26),
(738, 'Dockerfile', 104, 72.89),
(739, 'Shell', 104, 27.11),
(740, 'Java', 105, 97.21),
(741, 'Shell', 105, 1.35),
(742, 'Python', 105, 0.53),
(743, 'CSS', 105, 0.34),
(744, 'Thrift', 105, 0.23),
(745, 'HTML', 105, 0.22),
(746, 'Dockerfile', 105, 0.06),
(747, 'Ruby', 105, 0.05),
(748, 'Java', 106, 39.13),
(749, 'JavaScript', 106, 27.42),
(750, 'HTML', 106, 26.77),
(751, 'CSS', 106, 6.48),
(752, 'Shell', 106, 0.17),
(753, 'Batchfile', 106, 0.02),
(754, 'Dockerfile', 106, 0.01),
(755, 'Python', 107, 87.52),
(756, 'HTML', 107, 11.2),
(757, 'Dockerfile', 107, 0.7),
(758, 'Makefile', 107, 0.59),
(759, 'Go', 108, 96.61),
(760, 'Makefile', 108, 2.9),
(761, 'Dockerfile', 108, 0.5),
(769, 'JavaScript', 111, 96.99),
(770, 'Dockerfile', 111, 3.01),
(771, 'Go', 112, 93.74),
(772, 'Makefile', 112, 4.38),
(773, 'Ruby', 112, 0.96),
(774, 'JavaScript', 112, 0.58),
(775, 'Dockerfile', 112, 0.35),
(776, 'CSS', 113, 44.61),
(777, 'JavaScript', 113, 43.57),
(778, 'Python', 113, 8.33),
(779, 'HTML', 113, 3.08),
(780, 'Shell', 113, 0.34),
(781, 'Mako', 113, 0.07),
(782, 'C++', 114, 97.2),
(783, 'Makefile', 114, 1.44),
(784, 'C', 114, 1.17),
(785, 'Shell', 114, 0.15),
(786, 'Dockerfile', 114, 0.04),
(787, 'PHP', 115, 45.88),
(788, 'JavaScript', 115, 38.32),
(789, 'CSS', 115, 10.65),
(790, 'HTML', 115, 4.95),
(791, 'Smarty', 115, 0.19),
(792, 'Shell', 115, 0.01),
(793, 'TypeScript', 116, 98.93),
(794, 'JavaScript', 116, 0.56),
(795, 'Dockerfile', 116, 0.51),
(802, 'Go', 119, 91.09),
(803, 'Makefile', 119, 3.99),
(804, 'Shell', 119, 2.36),
(805, 'Mustache', 119, 2.13),
(806, 'Dockerfile', 119, 0.44),
(817, 'JavaScript', 122, 95.48),
(818, 'Makefile', 122, 4.36),
(819, 'Dockerfile', 122, 0.16),
(820, 'JavaScript', 123, 87.62),
(821, 'HTML', 123, 7.63),
(822, 'CSS', 123, 4.61),
(823, 'Dockerfile', 123, 0.14),
(828, 'Python', 125, 79.96),
(829, 'Shell', 125, 8.51),
(830, 'CSS', 125, 8),
(831, 'JavaScript', 125, 2.55),
(832, 'CoffeeScript', 125, 0.85),
(833, 'Ruby', 125, 0.12);

-- --------------------------------------------------------

--
-- Struttura della tabella `repositories`
--

CREATE TABLE `repositories` (
  `id_repository` int(50) NOT NULL,
  `name` varchar(100) CHARACTER SET utf8 NOT NULL,
  `github_url` varchar(500) CHARACTER SET utf8 NOT NULL,
  `n_stars` int(50) NOT NULL,
  `dockerfile_instructions` int(50) NOT NULL,
  `n_contributors` int(50) NOT NULL
) ENGINE=InnoDB DEFAULT CHARSET=utf8mb4;

--
-- Dump dei dati per la tabella `repositories`
--

INSERT INTO `repositories` (`id_repository`, `name`, `github_url`, `n_stars`, `dockerfile_instructions`, `n_contributors`) VALUES
(1, 'microsoft/TypeScript', 'https://github.com/microsoft/TypeScript.git', 70673, 7, 401),
(2, 'moby/moby', 'https://github.com/moby/moby.git', 60156, 354, 420),
(3, 'tonsky/FiraCode', 'https://github.com/tonsky/FiraCode.git', 55790, 11, 89),
(4, 'atom/atom', 'https://github.com/atom/atom.git', 55000, 26, 331),
(5, 'netdata/netdata', 'https://github.com/netdata/netdata.git', 53747, 96, 397),
(6, 'gohugoio/hugo', 'https://github.com/gohugoio/hugo.git', 51700, 31, 432),
(7, 'nvm-sh/nvm', 'https://github.com/nvm-sh/nvm.git', 48589, 93, 286),
(8, 'pytorch/pytorch', 'https://github.com/pytorch/pytorch.git', 48018, 74, 337),
(9, 'kelseyhightower/nocode', 'https://github.com/kelseyhightower/nocode.git', 46750, 1, 1),
(10, 'home-assistant/core', 'https://github.com/home-assistant/core.git', 42250, 17, 416),
(11, 'grafana/grafana', 'https://github.com/grafana/grafana.git', 41415, 63, 385),
(12, 'tesseract-ocr/tesseract', 'https://github.com/tesseract-ocr/tesseract.git', 39844, 13, 134),
(13, 'ageitgey/face_recognition', 'https://github.com/ageitgey/face_recognition.git', 39819, 42, 42),
(14, 'serverless/serverless', 'https://github.com/serverless/serverless.git', 39641, 9, 360),
(15, 'v2ray/v2ray-core', 'https://github.com/v2ray/v2ray-core.git', 37133, 20, 87),
(16, 'gogs/gogs', 'https://github.com/gogs/gogs.git', 36945, 37, 415),
(17, 'prometheus/prometheus', 'https://github.com/prometheus/prometheus.git', 36552, 26, 379),
(18, 'junegunn/fzf', 'https://github.com/junegunn/fzf.git', 36523, 10, 175),
(19, 'syncthing/syncthing', 'https://github.com/syncthing/syncthing.git', 36321, 19, 247),
(20, 'traefik/traefik', 'https://github.com/traefik/traefik.git', 33613, 6, 436),
(21, 'slatedocs/slate', 'https://github.com/slatedocs/slate.git', 32487, 21, 119),
(22, 'sahat/hackathon-starter', 'https://github.com/sahat/hackathon-starter.git', 31784, 9, 173),
(23, 'vuetifyjs/vuetify', 'https://github.com/vuetifyjs/vuetify.git', 30726, 6, 437),
(24, 'localstack/localstack', 'https://github.com/localstack/localstack.git', 30109, 83, 336),
(25, 'ethereum/go-ethereum', 'https://github.com/ethereum/go-ethereum.git', 29975, 11, 417),
(26, 'testerSunshine/12306', 'https://github.com/testerSunshine/12306.git', 29908, 17, 21),
(27, 'apachecn/AiLearning', 'https://github.com/apachecn/AiLearning.git', 29658, 2, 8),
(28, 'pandas-dev/pandas', 'https://github.com/pandas-dev/pandas.git', 29600, 41, 413),
(29, 'ant-design/ant-design-pro', 'https://github.com/ant-design/ant-design-pro.git', 29049, 9, 255),
(30, 'hoppscotch/hoppscotch', 'https://github.com/hoppscotch/hoppscotch.git', 28913, 15, 112),
(31, 'Homebrew/brew', 'https://github.com/Homebrew/brew.git', 27874, 48, 390),
(32, 'ryanoasis/nerd-fonts', 'https://github.com/ryanoasis/nerd-fonts.git', 27829, 14, 105),
(33, 'pingcap/tidb', 'https://github.com/pingcap/tidb.git', 27689, 40, 404),
(34, 'minio/minio', 'https://github.com/minio/minio.git', 27216, 29, 291),
(35, 'rclone/rclone', 'https://github.com/rclone/rclone.git', 27132, 16, 404),
(36, 'nativefier/nativefier', 'https://github.com/nativefier/nativefier.git', 26962, 41, 113),
(37, 'hashicorp/terraform', 'https://github.com/hashicorp/terraform.git', 26575, 18, 366),
(38, 'wagoodman/dive', 'https://github.com/wagoodman/dive.git', 26019, 7, 35),
(39, 'alibaba/arthas', 'https://github.com/alibaba/arthas.git', 25702, 18, 129),
(40, 'freeCodeCamp/devdocs', 'https://github.com/freeCodeCamp/devdocs.git', 25618, 17, 150),
(41, 'metabase/metabase', 'https://github.com/metabase/metabase.git', 24738, 78, 242),
(42, 'ReactiveX/rxjs', 'https://github.com/ReactiveX/rxjs.git', 24718, 8, 441),
(43, 'go-gitea/gitea', 'https://github.com/go-gitea/gitea.git', 24695, 54, 415),
(44, 'sherlock-project/sherlock', 'https://github.com/sherlock-project/sherlock.git', 24669, 25, 124),
(45, 'nylas/nylas-mail', 'https://github.com/nylas/nylas-mail.git', 24606, 22, 90),
(46, 'angular/angular-cli', 'https://github.com/angular/angular-cli.git', 24486, 2, 434),
(47, 'sequelize/sequelize', 'https://github.com/sequelize/sequelize.git', 24238, 5, 396),
(48, 'chubin/cheat.sh', 'https://github.com/chubin/cheat.sh.git', 24195, 20, 48),
(49, 'tootsuite/mastodon', 'https://github.com/tootsuite/mastodon.git', 24138, 99, 415),
(50, 'rapid7/metasploit-framework', 'https://github.com/rapid7/metasploit-framework.git', 23881, 60, 295),
(51, 'vlang/v', 'https://github.com/vlang/v.git', 23686, 12, 406),
(52, 'pyenv/pyenv', 'https://github.com/pyenv/pyenv.git', 23292, 28, 284),
(53, '0xAX/linux-insides', 'https://github.com/0xAX/linux-insides.git', 22716, 3, 259),
(54, 'docker/compose', 'https://github.com/docker/compose.git', 22526, 90, 349),
(55, 'remy/nodemon', 'https://github.com/remy/nodemon.git', 22313, 25, 141),
(56, 'acmesh-official/acme.sh', 'https://github.com/acmesh-official/acme.sh.git', 22066, 64, 311),
(57, 'pypa/pipenv', 'https://github.com/pypa/pipenv.git', 21840, 27, 329),
(58, 'apache/airflow', 'https://github.com/apache/airflow.git', 21400, 435, 414),
(59, 'influxdata/influxdb', 'https://github.com/influxdata/influxdb.git', 21388, 44, 325),
(60, 'dokku/dokku', 'https://github.com/dokku/dokku.git', 21371, 51, 391),
(61, 'nagadomi/waifu2x', 'https://github.com/nagadomi/waifu2x.git', 21084, 20, 30),
(62, 'github/hub', 'https://github.com/github/hub.git', 20924, 16, 221),
(63, 'psf/black', 'https://github.com/psf/black.git', 20897, 12, 238),
(64, 'guzzle/guzzle', 'https://github.com/guzzle/guzzle.git', 20774, 8, 332),
(65, 'kriasoft/react-starter-kit', 'https://github.com/kriasoft/react-starter-kit.git', 20697, 17, 142),
(66, 'trailofbits/algo', 'https://github.com/trailofbits/algo.git', 20694, 28, 148),
(67, 'immerjs/immer', 'https://github.com/immerjs/immer.git', 20041, 7, 130),
(68, 'swagger-api/swagger-ui', 'https://github.com/swagger-api/swagger-ui.git', 19993, 23, 391),
(69, 'Binaryify/NeteaseCloudMusicApi', 'https://github.com/Binaryify/NeteaseCloudMusicApi.git', 19756, 10, 44),
(70, 'jesseduffield/lazygit', 'https://github.com/jesseduffield/lazygit.git', 19714, 14, 96),
(71, 'nsqio/nsq', 'https://github.com/nsqio/nsq.git', 19601, 20, 103),
(72, 'DesignPatternsPHP/DesignPatternsPHP', 'https://github.com/DesignPatternsPHP/DesignPatternsPHP.git', 19584, 21, 156),
(73, 'railsware/upterm', 'https://github.com/railsware/upterm.git', 19502, 10, 59),
(74, 'tipsy/profile-summary-for-github', 'https://github.com/tipsy/profile-summary-for-github.git', 19340, 17, 10),
(75, 'stedolan/jq', 'https://github.com/stedolan/jq.git', 19325, 49, 117),
(76, 'ccxt/ccxt', 'https://github.com/ccxt/ccxt.git', 19203, 30, 382),
(77, 'halo-dev/halo', 'https://github.com/halo-dev/halo.git', 18808, 21, 58),
(78, 'felixrieseberg/windows95', 'https://github.com/felixrieseberg/windows95.git', 18683, 39, 14),
(79, 'getredash/redash', 'https://github.com/getredash/redash.git', 18677, 79, 321),
(80, 'parse-community/parse-server', 'https://github.com/parse-community/parse-server.git', 18593, 28, 283),
(81, 'jhipster/generator-jhipster', 'https://github.com/jhipster/generator-jhipster.git', 18361, 61, 303),
(82, 'highlightjs/highlight.js', 'https://github.com/highlightjs/highlight.js.git', 18353, 21, 422),
(83, 'benweet/stackedit', 'https://github.com/benweet/stackedit.git', 17971, 12, 9),
(84, 'StevenBlack/hosts', 'https://github.com/StevenBlack/hosts.git', 17833, 9, 99),
(85, 'jesseduffield/lazydocker', 'https://github.com/jesseduffield/lazydocker.git', 17696, 46, 35),
(86, 'jenkinsci/jenkins', 'https://github.com/jenkinsci/jenkins.git', 17311, 23, 301),
(87, 'wekan/wekan', 'https://github.com/wekan/wekan.git', 17243, 315, 207),
(88, 'zsh-users/zsh-autosuggestions', 'https://github.com/zsh-users/zsh-autosuggestions.git', 17133, 16, 45),
(89, 'DrKLO/Telegram', 'https://github.com/DrKLO/Telegram.git', 16923, 23, 13),
(90, 'fish-shell/fish-shell', 'https://github.com/fish-shell/fish-shell.git', 16813, 14, 392),
(91, 'HelloZeroNet/ZeroNet', 'https://github.com/HelloZeroNet/ZeroNet.git', 16754, 25, 116),
(92, 'forem/forem', 'https://github.com/forem/forem.git', 16652, 88, 444),
(93, 'ventoy/Ventoy', 'https://github.com/ventoy/Ventoy.git', 16579, 8, 22),
(94, 'Dreamacro/clash', 'https://github.com/Dreamacro/clash.git', 16401, 15, 58),
(95, 'DIYgod/RSSHub', 'https://github.com/DIYgod/RSSHub.git', 16161, 33, 419),
(96, 'locustio/locust', 'https://github.com/locustio/locust.git', 15990, 10, 156),
(97, 'statsd/statsd', 'https://github.com/statsd/statsd.git', 15754, 23, 189),
(98, 'schollz/find', 'https://github.com/schollz/find.git', 4846, 50, 11),
(99, 'backup/backup', 'https://github.com/backup/backup.git', 4653, 15, 95),
(100, 'RocketMap/RocketMap', 'https://github.com/RocketMap/RocketMap.git', 2797, 31, 340),
(101, 'Tencent/phxsql', 'https://github.com/Tencent/phxsql.git', 2427, 16, 8),
(102, 'astaxie/bat', 'https://github.com/astaxie/bat.git', 2402, 4, 19),
(104, 'Urigo/angular-meteor', 'https://github.com/Urigo/angular-meteor.git', 2387, 28, 145),
(105, 'twitter/distributedlog', 'https://github.com/twitter/distributedlog.git', 2256, 29, 19),
(106, 'JPressProjects/jpress', 'https://github.com/JPressProjects/jpress.git', 2213, 12, 27),
(107, 'quokkaproject/quokka', 'https://github.com/quokkaproject/quokka.git', 2194, 41, 9),
(108, 'jetstack/kube-lego', 'https://github.com/jetstack/kube-lego.git', 2192, 15, 43),
(111, 'rebassjs/grid', 'https://github.com/rebassjs/grid.git', 2083, 7, 13),
(112, 'goadapp/goad', 'https://github.com/goadapp/goad.git', 1859, 10, 20),
(113, 'douban/code', 'https://github.com/douban/code.git', 1828, 21, 13),
(114, 'Tencent/phxqueue', 'https://github.com/Tencent/phxqueue.git', 1823, 16, 5),
(115, 'lincanbin/Carbon-Forum', 'https://github.com/lincanbin/Carbon-Forum.git', 1804, 34, 16),
(116, 'eykrehbein/strest', 'https://github.com/eykrehbein/strest.git', 1743, 10, 10),
(119, 'jtblin/kube2iam', 'https://github.com/jtblin/kube2iam.git', 1669, 12, 62),
(122, 'ddopson/underscore-cli', 'https://github.com/ddopson/underscore-cli.git', 1659, 4, 13),
(123, 'linagora/hublin', 'https://github.com/linagora/hublin.git', 1615, 30, 25),
(125, 'mattupstate/overholt', 'https://github.com/mattupstate/overholt.git', 1565, 7, 4);

-- --------------------------------------------------------

--
-- Struttura della tabella `smells`
--

CREATE TABLE `smells` (
  `id_smell` int(50) NOT NULL,
  `category` varchar(50) CHARACTER SET utf8 NOT NULL,
  `description` varchar(500) CHARACTER SET utf8 NOT NULL,
  `type` varchar(50) CHARACTER SET utf8 NOT NULL,
  `repository_id` int(50) NOT NULL
) ENGINE=InnoDB DEFAULT CHARSET=utf8mb4;

--
-- Dump dei dati per la tabella `smells`
--

INSERT INTO `smells` (`id_smell`, `category`, `description`, `type`, `repository_id`) VALUES
(1, 'SC1072', ' Fix any mentioned problems and try again.', 'hadolint', 1),
(2, 'SC1072', ' Fix any mentioned problems and try again.', 'hadolint', 1),
(3, 'DL3006', 'Always tag the version of an image explicitly', 'hadolint', 2),
(4, 'DL3008', 'Pin versions in apt get install. Instead of `apt-get install <package>` use `apt-get install <package>=<version>`', 'hadolint', 2),
(5, 'DL3003', 'Use WORKDIR to switch to a directory', 'hadolint', 2),
(6, 'DL4006', 'Set the SHELL option -o pipefail before RUN with a pipe in it. If you are using /bin/sh in an alpine image or if your shell is symlinked to busybox then consider explicitly setting your SHELL to /bin/ash, or disable this check', 'hadolint', 2),
(7, 'DL3008', 'Pin versions in apt get install. Instead of `apt-get install <package>` use `apt-get install <package>=<version>`', 'hadolint', 2),
(8, 'DL3029', 'Do not use --platform flag with FROM', 'hadolint', 2),
(9, 'DL3008', 'Pin versions in apt get install. Instead of `apt-get install <package>` use `apt-get install <package>=<version>`', 'hadolint', 2),
(10, 'DL3006', 'Always tag the version of an image explicitly', 'hadolint', 2),
(11, 'DL3008', 'Pin versions in apt get install. Instead of `apt-get install <package>` use `apt-get install <package>=<version>`', 'hadolint', 2),
(12, 'DL3009', 'Delete the apt-get lists after installing something', 'hadolint', 2),
(13, 'DL3029', 'Do not use --platform flag with FROM', 'hadolint', 2),
(14, 'DL3008', 'Pin versions in apt get install. Instead of `apt-get install <package>` use `apt-get install <package>=<version>`', 'hadolint', 2),
(15, 'DL3006', 'Always tag the version of an image explicitly', 'hadolint', 2),
(16, 'SC1091', 'Not following: File not included in mock.', 'hadolint', 2),
(17, 'DL3008', 'Pin versions in apt get install. Instead of `apt-get install <package>` use `apt-get install <package>=<version>`', 'hadolint', 2),
(18, 'DL3008', 'Pin versions in apt get install. Instead of `apt-get install <package>` use `apt-get install <package>=<version>`', 'hadolint', 2),
(19, 'DL3029', 'Do not use --platform flag with FROM', 'hadolint', 2),
(20, 'DL3029', 'Do not use --platform flag with FROM', 'hadolint', 2),
(21, 'DL3008', 'Pin versions in apt get install. Instead of `apt-get install <package>` use `apt-get install <package>=<version>`', 'hadolint', 2),
(22, 'DL3009', 'Delete the apt-get lists after installing something', 'hadolint', 2),
(23, 'SC2015', 'Note that A && B || C is not if-then-else. C may run when A is true.', 'hadolint', 2),
(24, 'DL3042', 'Avoid use of cache directory with pip. Use `pip install --no-cache-dir <package>`', 'hadolint', 2),
(25, 'DL3008', 'Pin versions in apt get install. Instead of `apt-get install <package>` use `apt-get install <package>=<version>`', 'hadolint', 2),
(26, 'DL3006', 'Always tag the version of an image explicitly', 'hadolint', 2),
(27, 'Clarity', 'Base images should specify a tag to use.', 'dockerfilelint', 2),
(28, 'Clarity', 'Base images should specify a tag to use.', 'dockerfilelint', 2),
(29, 'Optimization', 'Use of apt-get update should be paired with rm -rf /var/lib/apt/lists/* in the same layer.', 'dockerfilelint', 2),
(30, 'Clarity', 'Base images should specify a tag to use.', 'dockerfilelint', 2),
(31, 'Clarity', 'Base images should specify a tag to use.', 'dockerfilelint', 2),
(32, 'Optimization', 'Use of apt-get update should be paired with rm -rf /var/lib/apt/lists/* in the same layer.', 'dockerfilelint', 2),
(33, 'Clarity', 'Base images should specify a tag to use.', 'dockerfilelint', 2),
(34, 'Clarity', 'Base images should specify a tag to use.', 'dockerfilelint', 2),
(35, 'Optimization', 'Use of apt-get update should be paired with rm -rf /var/lib/apt/lists/* in the same layer.', 'dockerfilelint', 2),
(36, 'Clarity', 'Base images should specify a tag to use.', 'dockerfilelint', 2),
(37, 'Clarity', 'Base images should specify a tag to use.', 'dockerfilelint', 2),
(38, 'Optimization', 'Use of apt-get update should be paired with rm -rf /var/lib/apt/lists/* in the same layer.', 'dockerfilelint', 2),
(39, 'Clarity', 'Base images should specify a tag to use.', 'dockerfilelint', 2),
(40, 'Optimization', 'Use of apt-get update should be paired with rm -rf /var/lib/apt/lists/* in the same layer.', 'dockerfilelint', 2),
(41, 'Clarity', 'Base images should specify a tag to use.', 'dockerfilelint', 2),
(42, 'Clarity', 'Base images should specify a tag to use.', 'dockerfilelint', 2),
(43, 'Clarity', 'Base images should specify a tag to use.', 'dockerfilelint', 2),
(44, 'Clarity', 'Base images should specify a tag to use.', 'dockerfilelint', 2),
(45, 'Optimization', 'Use of apt-get update should be paired with rm -rf /var/lib/apt/lists/* in the same layer.', 'dockerfilelint', 2),
(46, 'Clarity', 'Base images should specify a tag to use.', 'dockerfilelint', 2),
(47, 'Clarity', 'Base images should specify a tag to use.', 'dockerfilelint', 2),
(48, 'Clarity', 'Base images should specify a tag to use.', 'dockerfilelint', 2),
(49, 'Clarity', 'Base images should specify a tag to use.', 'dockerfilelint', 2),
(50, 'Clarity', 'Base images should specify a tag to use.', 'dockerfilelint', 2),
(51, 'Clarity', 'Base images should specify a tag to use.', 'dockerfilelint', 2),
(52, 'Clarity', 'Base images should specify a tag to use.', 'dockerfilelint', 2),
(53, 'Optimization', 'Use of apt-get update should be paired with rm -rf /var/lib/apt/lists/* in the same layer.', 'dockerfilelint', 2),
(54, 'Clarity', 'Base images should specify a tag to use.', 'dockerfilelint', 2),
(55, 'Clarity', 'Base images should specify a tag to use.', 'dockerfilelint', 2),
(56, 'Clarity', 'Base images should specify a tag to use.', 'dockerfilelint', 2),
(57, 'Clarity', 'Base images should specify a tag to use.', 'dockerfilelint', 2),
(58, 'Clarity', 'Base images should specify a tag to use.', 'dockerfilelint', 2),
(59, 'Possible Bug', 'Use of `sudo` is not allowed in a Dockerfile.  From the official document [Best practices for writing Dockerfiles](https://docs.docker.com/engine/userguide/eng-image/dockerfile_best-practices/):\n> You should avoid installing or using `sudo` since it has unpredictable TTY and signal-forwarding behavior that can cause more problems than it solves.\n> If you absolutely need functionality similar to `sudo` (e.g., initializing the daemon as root but running it as non-root), you may be able to use `gos', 'dockerfilelint', 2),
(60, 'Optimization', 'Use of apt-get update should be paired with rm -rf /var/lib/apt/lists/* in the same layer.', 'dockerfilelint', 2),
(61, 'Clarity', 'Base images should specify a tag to use.', 'dockerfilelint', 2),
(62, 'Optimization', 'Use of apt-get update should be paired with rm -rf /var/lib/apt/lists/* in the same layer.', 'dockerfilelint', 2),
(63, 'Clarity', 'Base images should specify a tag to use.', 'dockerfilelint', 2),
(64, 'Clarity', 'Base images should specify a tag to use.', 'dockerfilelint', 2),
(65, 'Clarity', 'Base images should specify a tag to use.', 'dockerfilelint', 2),
(66, 'Clarity', 'Base images should specify a tag to use.', 'dockerfilelint', 2),
(67, 'Clarity', 'Base images should specify a tag to use.', 'dockerfilelint', 2),
(68, 'Clarity', 'Base images should specify a tag to use.', 'dockerfilelint', 2),
(69, 'Clarity', 'Base images should specify a tag to use.', 'dockerfilelint', 2),
(70, 'Clarity', 'Base images should specify a tag to use.', 'dockerfilelint', 2),
(71, 'Clarity', 'Base images should specify a tag to use.', 'dockerfilelint', 2),
(72, 'DL3042', 'Avoid use of cache directory with pip. Use `pip install --no-cache-dir <package>`', 'hadolint', 3),
(73, 'DL3013', 'Pin versions in pip. Instead of `pip install <package>` use `pip install <package>==<version>` or `pip install --requirement <requirements file>`', 'hadolint', 3),
(74, 'DL3042', 'Avoid use of cache directory with pip. Use `pip install --no-cache-dir <package>`', 'hadolint', 3),
(75, 'DL3013', 'Pin versions in pip. Instead of `pip install <package>` use `pip install <package>==<version>` or `pip install --requirement <requirements file>`', 'hadolint', 3),
(76, 'DL3042', 'Avoid use of cache directory with pip. Use `pip install --no-cache-dir <package>`', 'hadolint', 3),
(77, 'DL3013', 'Pin versions in pip. Instead of `pip install <package>` use `pip install <package>==<version>` or `pip install --requirement <requirements file>`', 'hadolint', 3),
(78, 'DL3042', 'Avoid use of cache directory with pip. Use `pip install --no-cache-dir <package>`', 'hadolint', 3),
(79, 'DL3008', 'Pin versions in apt get install. Instead of `apt-get install <package>` use `apt-get install <package>=<version>`', 'hadolint', 3),
(80, 'DL3009', 'Delete the apt-get lists after installing something', 'hadolint', 3),
(81, 'DL3015', 'Avoid additional packages by specifying `--no-install-recommends`', 'hadolint', 3),
(82, 'DL3013', 'Pin versions in pip. Instead of `pip install <package>` use `pip install <package>==<version>` or `pip install --requirement <requirements file>`', 'hadolint', 3),
(83, 'DL3042', 'Avoid use of cache directory with pip. Use `pip install --no-cache-dir <package>`', 'hadolint', 3),
(84, 'Optimization', 'Use of apt-get update should be paired with rm -rf /var/lib/apt/lists/* in the same layer.', 'dockerfilelint', 3),
(85, 'Optimization', 'Consider using a `--no-install-recommends` when `apt-get` installing packages.  This will result in a smaller image size.  For\nmore information, see [this blog post](http://blog.replicated.com/2016/02/05/refactoring-a-dockerfile-for-image-size/)', 'dockerfilelint', 3),
(86, 'DL3008', 'Pin versions in apt get install. Instead of `apt-get install <package>` use `apt-get install <package>=<version>`', 'hadolint', 4),
(87, 'DL3015', 'Avoid additional packages by specifying `--no-install-recommends`', 'hadolint', 4),
(88, 'DL3016', 'Pin versions in npm. Instead of `npm install <package>` use `npm install <package>@<version>`', 'hadolint', 4),
(89, 'Optimization', 'Consider using a `--no-install-recommends` when `apt-get` installing packages.  This will result in a smaller image size.  For\nmore information, see [this blog post](http://blog.replicated.com/2016/02/05/refactoring-a-dockerfile-for-image-size/)', 'dockerfilelint', 4),
(90, 'Clarity', 'Base images should not use the latest tag.', 'dockerfilelint', 5),
(91, 'Clarity', 'Base images should not use the latest tag.', 'dockerfilelint', 5),
(92, 'Possible Bug', 'Exposing ports should only be valid port numbers.', 'dockerfilelint', 5),
(93, 'DL3018', 'Pin versions in apk add. Instead of `apk add <package>` use `apk add <package>=<version>`', 'hadolint', 6),
(94, 'DL3018', 'Pin versions in apk add. Instead of `apk add <package>` use `apk add <package>=<version>`', 'hadolint', 6),
(95, 'DL3027', 'Do not use apt as it is meant to be a end-user tool, use apt-get or apt-cache instead', 'hadolint', 7),
(96, 'DL4001', 'Either use Wget or Curl but not both', 'hadolint', 7),
(97, 'DL4001', 'Either use Wget or Curl but not both', 'hadolint', 7),
(98, 'SC2016', 'Expressions don\'t expand in single quotes, use double quotes for that.', 'hadolint', 7),
(99, 'SC2016', 'Expressions don\'t expand in single quotes, use double quotes for that.', 'hadolint', 7),
(100, 'SC2016', 'Expressions don\'t expand in single quotes, use double quotes for that.', 'hadolint', 7),
(101, 'Possible Bug', 'Use of `sudo` is not allowed in a Dockerfile.  From the official document [Best practices for writing Dockerfiles](https://docs.docker.com/engine/userguide/eng-image/dockerfile_best-practices/):\n> You should avoid installing or using `sudo` since it has unpredictable TTY and signal-forwarding behavior that can cause more problems than it solves.\n> If you absolutely need functionality similar to `sudo` (e.g., initializing the daemon as root but running it as non-root), you may be able to use `gos', 'dockerfilelint', 7),
(102, 'DL3006', 'Always tag the version of an image explicitly', 'hadolint', 8),
(103, 'DL3008', 'Pin versions in apt get install. Instead of `apt-get install <package>` use `apt-get install <package>=<version>`', 'hadolint', 8),
(104, 'SC2046', 'Quote this to prevent word splitting.', 'hadolint', 8),
(105, 'DL3006', 'Always tag the version of an image explicitly', 'hadolint', 8),
(106, 'DL3008', 'Pin versions in apt get install. Instead of `apt-get install <package>` use `apt-get install <package>=<version>`', 'hadolint', 8),
(107, 'Clarity', 'Base images should specify a tag to use.', 'dockerfilelint', 8),
(108, 'Clarity', 'Base images should specify a tag to use.', 'dockerfilelint', 8),
(109, 'Clarity', 'Base images should specify a tag to use.', 'dockerfilelint', 8),
(110, 'Clarity', 'Base images should specify a tag to use.', 'dockerfilelint', 8),
(111, 'Clarity', 'Base images should specify a tag to use.', 'dockerfilelint', 8),
(112, 'Clarity', 'Base images should specify a tag to use.', 'dockerfilelint', 8),
(113, 'Clarity', 'Base images should specify a tag to use.', 'dockerfilelint', 8),
(114, 'DL3006', 'Always tag the version of an image explicitly', 'hadolint', 10),
(115, 'Clarity', 'Base images should specify a tag to use.', 'dockerfilelint', 10),
(116, 'DL3018', 'Pin versions in apk add. Instead of `apk add <package>` use `apk add <package>=<version>`', 'hadolint', 11),
(117, 'DL3018', 'Pin versions in apk add. Instead of `apk add <package>` use `apk add <package>=<version>`', 'hadolint', 11),
(118, 'DL3018', 'Pin versions in apk add. Instead of `apk add <package>` use `apk add <package>=<version>`', 'hadolint', 11),
(119, 'SC2046', 'Quote this to prevent word splitting.', 'hadolint', 11),
(120, 'SC2155', 'Declare and assign separately to avoid masking return values.', 'hadolint', 11),
(121, 'DL4006', 'Set the SHELL option -o pipefail before RUN with a pipe in it. If you are using /bin/sh in an alpine image or if your shell is symlinked to busybox then consider explicitly setting your SHELL to /bin/ash, or disable this check', 'hadolint', 11),
(122, 'DL3006', 'Always tag the version of an image explicitly', 'hadolint', 12),
(123, 'DL3009', 'Delete the apt-get lists after installing something', 'hadolint', 12),
(124, 'DL3008', 'Pin versions in apt get install. Instead of `apt-get install <package>` use `apt-get install <package>=<version>`', 'hadolint', 12),
(125, 'DL3015', 'Avoid additional packages by specifying `--no-install-recommends`', 'hadolint', 12),
(126, 'DL3028', 'Pin versions in gem install. Instead of `gem install <gem>` use `gem install <gem>:<version>`', 'hadolint', 12),
(127, 'DL3020', 'Use COPY instead of ADD for files and folders', 'hadolint', 12),
(128, 'DL4006', 'Set the SHELL option -o pipefail before RUN with a pipe in it. If you are using /bin/sh in an alpine image or if your shell is symlinked to busybox then consider explicitly setting your SHELL to /bin/ash, or disable this check', 'hadolint', 12),
(129, 'Clarity', 'Base images should specify a tag to use.', 'dockerfilelint', 12),
(130, 'Optimization', 'Use of apt-get update should be paired with rm -rf /var/lib/apt/lists/* in the same layer.', 'dockerfilelint', 12),
(131, 'Optimization', 'All instances of `apt-get update` should have the `apt-get install` commands on the same line to reduce image size.', 'dockerfilelint', 12),
(132, 'Optimization', 'Consider using a `--no-install-recommends` when `apt-get` installing packages.  This will result in a smaller image size.  For\nmore information, see [this blog post](http://blog.replicated.com/2016/02/05/refactoring-a-dockerfile-for-image-size/)', 'dockerfilelint', 12),
(133, 'DL3009', 'Delete the apt-get lists after installing something', 'hadolint', 13),
(134, 'DL3008', 'Pin versions in apt get install. Instead of `apt-get install <package>` use `apt-get install <package>=<version>`', 'hadolint', 13),
(135, 'DL3015', 'Avoid additional packages by specifying `--no-install-recommends`', 'hadolint', 13),
(136, 'DL3003', 'Use WORKDIR to switch to a directory', 'hadolint', 13),
(137, 'DL3003', 'Use WORKDIR to switch to a directory', 'hadolint', 13),
(138, 'DL3042', 'Avoid use of cache directory with pip. Use `pip install --no-cache-dir <package>`', 'hadolint', 13),
(139, 'DL3025', 'Use arguments JSON notation for CMD and ENTRYPOINT arguments', 'hadolint', 13),
(140, 'Optimization', 'Use of apt-get update should be paired with rm -rf /var/lib/apt/lists/* in the same layer.', 'dockerfilelint', 13),
(141, 'Optimization', 'All instances of `apt-get update` should have the `apt-get install` commands on the same line to reduce image size.', 'dockerfilelint', 13),
(142, 'Optimization', 'Consider using a `--no-install-recommends` when `apt-get` installing packages.  This will result in a smaller image size.  For\nmore information, see [this blog post](http://blog.replicated.com/2016/02/05/refactoring-a-dockerfile-for-image-size/)', 'dockerfilelint', 13),
(143, 'DL3007', 'Using latest is prone to errors if the image will ever update. Pin the version explicitly to a release tag', 'hadolint', 14),
(144, 'DL4006', 'Set the SHELL option -o pipefail before RUN with a pipe in it. If you are using /bin/sh in an alpine image or if your shell is symlinked to busybox then consider explicitly setting your SHELL to /bin/ash, or disable this check', 'hadolint', 14),
(145, 'DL3008', 'Pin versions in apt get install. Instead of `apt-get install <package>` use `apt-get install <package>=<version>`', 'hadolint', 14),
(146, 'DL3009', 'Delete the apt-get lists after installing something', 'hadolint', 14),
(147, 'DL3013', 'Pin versions in pip. Instead of `pip install <package>` use `pip install <package>==<version>` or `pip install --requirement <requirements file>`', 'hadolint', 14),
(148, 'DL3015', 'Avoid additional packages by specifying `--no-install-recommends`', 'hadolint', 14),
(149, 'DL3008', 'Pin versions in apt get install. Instead of `apt-get install <package>` use `apt-get install <package>=<version>`', 'hadolint', 14),
(150, 'DL3009', 'Delete the apt-get lists after installing something', 'hadolint', 14),
(151, 'DL3015', 'Avoid additional packages by specifying `--no-install-recommends`', 'hadolint', 14),
(152, 'DL3013', 'Pin versions in pip. Instead of `pip install <package>` use `pip install <package>==<version>` or `pip install --requirement <requirements file>`', 'hadolint', 14),
(153, 'Clarity', 'Base images should not use the latest tag.', 'dockerfilelint', 14),
(154, 'Optimization', 'Use of apt-get update should be paired with rm -rf /var/lib/apt/lists/* in the same layer.', 'dockerfilelint', 14),
(155, 'Optimization', 'Consider using a `--no-install-recommends` when `apt-get` installing packages.  This will result in a smaller image size.  For\nmore information, see [this blog post](http://blog.replicated.com/2016/02/05/refactoring-a-dockerfile-for-image-size/)', 'dockerfilelint', 14),
(156, 'Optimization', 'Use of apt-get update should be paired with rm -rf /var/lib/apt/lists/* in the same layer.', 'dockerfilelint', 14),
(157, 'Optimization', 'Consider using a `--no-install-recommends` when `apt-get` installing packages.  This will result in a smaller image size.  For\nmore information, see [this blog post](http://blog.replicated.com/2016/02/05/refactoring-a-dockerfile-for-image-size/)', 'dockerfilelint', 14),
(158, 'DL3018', 'Pin versions in apk add. Instead of `apk add <package>` use `apk add <package>=<version>`', 'hadolint', 15),
(159, 'SC2046', 'Quote this to prevent word splitting.', 'hadolint', 15),
(160, 'DL3006', 'Always tag the version of an image explicitly', 'hadolint', 15),
(161, 'DL3010', 'Use ADD for extracting archives into an image', 'hadolint', 15),
(162, 'DL3018', 'Pin versions in apk add. Instead of `apk add <package>` use `apk add <package>=<version>`', 'hadolint', 15),
(163, 'DL3019', 'Use the `--no-cache` switch to avoid the need to use `--update` and remove `/var/cache/apk/*` when done installing packages', 'hadolint', 15),
(164, 'Clarity', 'Base images should specify a tag to use.', 'dockerfilelint', 15),
(165, 'Possible Bug', 'Using LABEL should be in key=value format.', 'dockerfilelint', 15),
(166, 'Optimization', 'Consider using a `--no-cache` (supported in alpine linux >= 3.3) or `--update` followed by the command `rm -rf /var/cache/apk/*` when `apk` adding packages.  This will result in a smaller image size.  For\nmore information, see [this link](https://github.com/gliderlabs/docker-alpine/blob/master/docs/usage.md)', 'dockerfilelint', 15),
(167, 'DL3018', 'Pin versions in apk add. Instead of `apk add <package>` use `apk add <package>=<version>`', 'hadolint', 16),
(168, 'DL3018', 'Pin versions in apk add. Instead of `apk add <package>` use `apk add <package>=<version>`', 'hadolint', 16),
(169, 'DL3007', 'Using latest is prone to errors if the image will ever update. Pin the version explicitly to a release tag', 'hadolint', 17),
(170, 'DL3010', 'Use ADD for extracting archives into an image', 'hadolint', 17),
(171, 'Clarity', 'Base images should not use the latest tag.', 'dockerfilelint', 17),
(172, 'DL3007', 'Using latest is prone to errors if the image will ever update. Pin the version explicitly to a release tag', 'hadolint', 18),
(173, 'DL3003', 'Use WORKDIR to switch to a directory', 'hadolint', 18),
(174, 'DL3025', 'Use arguments JSON notation for CMD and ENTRYPOINT arguments', 'hadolint', 18),
(175, 'Clarity', 'Base images should not use the latest tag.', 'dockerfilelint', 18),
(176, 'DL3006', 'Always tag the version of an image explicitly', 'hadolint', 19),
(177, 'DL3018', 'Pin versions in apk add. Instead of `apk add <package>` use `apk add <package>=<version>`', 'hadolint', 19),
(178, 'Clarity', 'Base images should specify a tag to use.', 'dockerfilelint', 19),
(179, 'DL3008', 'Pin versions in apt get install. Instead of `apt-get install <package>` use `apt-get install <package>=<version>`', 'hadolint', 21),
(180, 'DL3028', 'Pin versions in gem install. Instead of `gem install <gem>` use `gem install <gem>:<version>`', 'hadolint', 21),
(181, 'DL3006', 'Always tag the version of an image explicitly', 'hadolint', 24),
(182, 'DL4000', 'MAINTAINER is deprecated', 'hadolint', 24),
(183, 'DL3013', 'Pin versions in pip. Instead of `pip install <package>` use `pip install <package>==<version>` or `pip install --requirement <requirements file>`', 'hadolint', 24),
(184, 'DL3042', 'Avoid use of cache directory with pip. Use `pip install --no-cache-dir <package>`', 'hadolint', 24),
(185, 'DL3018', 'Pin versions in apk add. Instead of `apk add <package>` use `apk add <package>=<version>`', 'hadolint', 24),
(186, 'DL3019', 'Use the `--no-cache` switch to avoid the need to use `--update` and remove `/var/cache/apk/*` when done installing packages', 'hadolint', 24),
(187, 'DL3020', 'Use COPY instead of ADD for files and folders', 'hadolint', 24),
(188, 'DL3020', 'Use COPY instead of ADD for files and folders', 'hadolint', 24),
(189, 'DL3020', 'Use COPY instead of ADD for files and folders', 'hadolint', 24),
(190, 'DL3020', 'Use COPY instead of ADD for files and folders', 'hadolint', 24),
(191, 'DL3020', 'Use COPY instead of ADD for files and folders', 'hadolint', 24),
(192, 'DL3020', 'Use COPY instead of ADD for files and folders', 'hadolint', 24),
(193, 'DL3020', 'Use COPY instead of ADD for files and folders', 'hadolint', 24),
(194, 'DL3020', 'Use COPY instead of ADD for files and folders', 'hadolint', 24),
(195, 'DL3020', 'Use COPY instead of ADD for files and folders', 'hadolint', 24),
(196, 'DL3020', 'Use COPY instead of ADD for files and folders', 'hadolint', 24),
(197, 'DL3020', 'Use COPY instead of ADD for files and folders', 'hadolint', 24),
(198, 'DL3020', 'Use COPY instead of ADD for files and folders', 'hadolint', 24),
(199, 'DL3020', 'Use COPY instead of ADD for files and folders', 'hadolint', 24),
(200, 'DL3020', 'Use COPY instead of ADD for files and folders', 'hadolint', 24),
(201, 'DL3020', 'Use COPY instead of ADD for files and folders', 'hadolint', 24),
(202, 'DL3020', 'Use COPY instead of ADD for files and folders', 'hadolint', 24),
(203, 'DL3020', 'Use COPY instead of ADD for files and folders', 'hadolint', 24),
(204, 'SC2046', 'Quote this to prevent word splitting.', 'hadolint', 24),
(205, 'SC2006', 'Use $(...) notation instead of legacy backticked `...`.', 'hadolint', 24),
(206, 'DL3020', 'Use COPY instead of ADD for files and folders', 'hadolint', 24),
(207, 'Clarity', 'Base images should specify a tag to use.', 'dockerfilelint', 24),
(208, 'Deprecation', 'This INSTRUCTION is deprecated as of Docker 1.13', 'dockerfilelint', 24),
(209, 'Optimization', 'Consider using a `--no-cache` (supported in alpine linux >= 3.3) or `--update` followed by the command `rm -rf /var/cache/apk/*` when `apk` adding packages.  This will result in a smaller image size.  For\nmore information, see [this link](https://github.com/gliderlabs/docker-alpine/blob/master/docs/usage.md)', 'dockerfilelint', 24),
(210, 'DL3018', 'Pin versions in apk add. Instead of `apk add <package>` use `apk add <package>=<version>`', 'hadolint', 25),
(211, 'DL3020', 'Use COPY instead of ADD for files and folders', 'hadolint', 25),
(212, 'DL3003', 'Use WORKDIR to switch to a directory', 'hadolint', 25),
(213, 'DL3007', 'Using latest is prone to errors if the image will ever update. Pin the version explicitly to a release tag', 'hadolint', 25),
(214, 'DL3018', 'Pin versions in apk add. Instead of `apk add <package>` use `apk add <package>=<version>`', 'hadolint', 25),
(215, 'Clarity', 'Base images should not use the latest tag.', 'dockerfilelint', 25),
(216, 'DL3020', 'Use COPY instead of ADD for files and folders', 'hadolint', 26),
(217, 'DL3006', 'Always tag the version of an image explicitly', 'hadolint', 28),
(218, 'DL3008', 'Pin versions in apt get install. Instead of `apt-get install <package>` use `apt-get install <package>=<version>`', 'hadolint', 28),
(219, 'DL3015', 'Avoid additional packages by specifying `--no-install-recommends`', 'hadolint', 28),
(220, 'DL3003', 'Use WORKDIR to switch to a directory', 'hadolint', 28),
(221, 'SC1091', 'Not following: File not included in mock.', 'hadolint', 28),
(222, 'DL3003', 'Use WORKDIR to switch to a directory', 'hadolint', 28),
(223, 'DL3042', 'Avoid use of cache directory with pip. Use `pip install --no-cache-dir <package>`', 'hadolint', 28),
(224, 'Clarity', 'Base images should specify a tag to use.', 'dockerfilelint', 28),
(225, 'Optimization', 'Consider using a `--no-install-recommends` when `apt-get` installing packages.  This will result in a smaller image size.  For\nmore information, see [this blog post](http://blog.replicated.com/2016/02/05/refactoring-a-dockerfile-for-image-size/)', 'dockerfilelint', 28),
(226, 'DL3002', 'Last USER should not be root', 'hadolint', 29),
(227, 'DL3018', 'Pin versions in apk add. Instead of `apk add <package>` use `apk add <package>=<version>`', 'hadolint', 30),
(228, 'DL3020', 'Use COPY instead of ADD for files and folders', 'hadolint', 30),
(229, 'Possible Bug', 'Use of `sudo` is not allowed in a Dockerfile.  From the official document [Best practices for writing Dockerfiles](https://docs.docker.com/engine/userguide/eng-image/dockerfile_best-practices/):\n> You should avoid installing or using `sudo` since it has unpredictable TTY and signal-forwarding behavior that can cause more problems than it solves.\n> If you absolutely need functionality similar to `sudo` (e.g., initializing the daemon as root but running it as non-root), you may be able to use `gos', 'dockerfilelint', 31),
(230, 'DL3018', 'Pin versions in apk add. Instead of `apk add <package>` use `apk add <package>=<version>`', 'hadolint', 32),
(231, 'DL3019', 'Use the `--no-cache` switch to avoid the need to use `--update` and remove `/var/cache/apk/*` when done installing packages', 'hadolint', 32),
(232, 'DL3013', 'Pin versions in pip. Instead of `pip install <package>` use `pip install <package>==<version>` or `pip install --requirement <requirements file>`', 'hadolint', 32),
(233, 'DL3042', 'Avoid use of cache directory with pip. Use `pip install --no-cache-dir <package>`', 'hadolint', 32),
(234, 'Optimization', 'Consider using a `--no-cache` (supported in alpine linux >= 3.3) or `--update` followed by the command `rm -rf /var/cache/apk/*` when `apk` adding packages.  This will result in a smaller image size.  For\nmore information, see [this link](https://github.com/gliderlabs/docker-alpine/blob/master/docs/usage.md)', 'dockerfilelint', 32),
(235, 'DL3018', 'Pin versions in apk add. Instead of `apk add <package>` use `apk add <package>=<version>`', 'hadolint', 33),
(236, 'DL3006', 'Always tag the version of an image explicitly', 'hadolint', 33),
(237, 'DL3018', 'Pin versions in apk add. Instead of `apk add <package>` use `apk add <package>=<version>`', 'hadolint', 33),
(238, 'Clarity', 'Base images should specify a tag to use.', 'dockerfilelint', 33),
(239, 'DL3003', 'Use WORKDIR to switch to a directory', 'hadolint', 34),
(240, 'DL3018', 'Pin versions in apk add. Instead of `apk add <package>` use `apk add <package>=<version>`', 'hadolint', 34),
(241, 'DL3006', 'Always tag the version of an image explicitly', 'hadolint', 35),
(242, 'DL3007', 'Using latest is prone to errors if the image will ever update. Pin the version explicitly to a release tag', 'hadolint', 35),
(243, 'DL3018', 'Pin versions in apk add. Instead of `apk add <package>` use `apk add <package>=<version>`', 'hadolint', 35),
(244, 'Clarity', 'Base images should specify a tag to use.', 'dockerfilelint', 35),
(245, 'Clarity', 'Base images should not use the latest tag.', 'dockerfilelint', 35),
(246, 'DL3018', 'Pin versions in apk add. Instead of `apk add <package>` use `apk add <package>=<version>`', 'hadolint', 36),
(247, 'DL3019', 'Use the `--no-cache` switch to avoid the need to use `--update` and remove `/var/cache/apk/*` when done installing packages', 'hadolint', 36),
(248, 'DL4006', 'Set the SHELL option -o pipefail before RUN with a pipe in it. If you are using /bin/sh in an alpine image or if your shell is symlinked to busybox then consider explicitly setting your SHELL to /bin/ash, or disable this check', 'hadolint', 36),
(249, 'SC2046', 'Quote this to prevent word splitting.', 'hadolint', 36),
(250, 'Optimization', 'Consider using a `--no-cache` (supported in alpine linux >= 3.3) or `--update` followed by the command `rm -rf /var/cache/apk/*` when `apk` adding packages.  This will result in a smaller image size.  For\nmore information, see [this link](https://github.com/gliderlabs/docker-alpine/blob/master/docs/usage.md)', 'dockerfilelint', 36),
(251, 'DL3018', 'Pin versions in apk add. Instead of `apk add <package>` use `apk add <package>=<version>`', 'hadolint', 37),
(252, 'SC2046', 'Quote this to prevent word splitting.', 'hadolint', 38),
(253, 'DL4006', 'Set the SHELL option -o pipefail before RUN with a pipe in it. If you are using /bin/sh in an alpine image or if your shell is symlinked to busybox then consider explicitly setting your SHELL to /bin/ash, or disable this check', 'hadolint', 38),
(254, 'DL3018', 'Pin versions in apk add. Instead of `apk add <package>` use `apk add <package>=<version>`', 'hadolint', 39),
(255, 'DL3008', 'Pin versions in apt get install. Instead of `apt-get install <package>` use `apt-get install <package>=<version>`', 'hadolint', 40),
(256, 'DL3015', 'Avoid additional packages by specifying `--no-install-recommends`', 'hadolint', 40),
(257, 'DL3028', 'Pin versions in gem install. Instead of `gem install <gem>` use `gem install <gem>:<version>`', 'hadolint', 40),
(258, 'DL3025', 'Use arguments JSON notation for CMD and ENTRYPOINT arguments', 'hadolint', 40),
(259, 'Optimization', 'Consider using a `--no-install-recommends` when `apt-get` installing packages.  This will result in a smaller image size.  For\nmore information, see [this blog post](http://blog.replicated.com/2016/02/05/refactoring-a-dockerfile-for-image-size/)', 'dockerfilelint', 40),
(260, 'DL3018', 'Pin versions in apk add. Instead of `apk add <package>` use `apk add <package>=<version>`', 'hadolint', 41),
(261, 'DL3018', 'Pin versions in apk add. Instead of `apk add <package>` use `apk add <package>=<version>`', 'hadolint', 41),
(262, 'DL3017', 'Do not use apk upgrade', 'hadolint', 41),
(263, 'DL3018', 'Pin versions in apk add. Instead of `apk add <package>` use `apk add <package>=<version>`', 'hadolint', 41),
(264, 'DL3018', 'Pin versions in apk add. Instead of `apk add <package>` use `apk add <package>=<version>`', 'hadolint', 43),
(265, 'DL3018', 'Pin versions in apk add. Instead of `apk add <package>` use `apk add <package>=<version>`', 'hadolint', 43),
(266, 'DL4006', 'Set the SHELL option -o pipefail before RUN with a pipe in it. If you are using /bin/sh in an alpine image or if your shell is symlinked to busybox then consider explicitly setting your SHELL to /bin/ash, or disable this check', 'hadolint', 43),
(267, 'DL3018', 'Pin versions in apk add. Instead of `apk add <package>` use `apk add <package>=<version>`', 'hadolint', 44),
(268, 'DL3042', 'Avoid use of cache directory with pip. Use `pip install --no-cache-dir <package>`', 'hadolint', 44),
(269, 'DL3025', 'Use arguments JSON notation for CMD and ENTRYPOINT arguments', 'hadolint', 45),
(270, 'DL3008', 'Pin versions in apt get install. Instead of `apt-get install <package>` use `apt-get install <package>=<version>`', 'hadolint', 47),
(271, 'DL3015', 'Avoid additional packages by specifying `--no-install-recommends`', 'hadolint', 47),
(272, 'DL3014', 'Use the `-y` switch to avoid manual input `apt-get -y install <package>`', 'hadolint', 47),
(273, 'Possible Bug', 'Usage of `apt-get` should include a `-y` flag to ensure it will not block while waiting for input.', 'dockerfilelint', 47),
(274, 'Optimization', 'Consider using a `--no-install-recommends` when `apt-get` installing packages.  This will result in a smaller image size.  For\nmore information, see [this blog post](http://blog.replicated.com/2016/02/05/refactoring-a-dockerfile-for-image-size/)', 'dockerfilelint', 47),
(275, 'DL3018', 'Pin versions in apk add. Instead of `apk add <package>` use `apk add <package>=<version>`', 'hadolint', 48),
(276, 'DL3018', 'Pin versions in apk add. Instead of `apk add <package>` use `apk add <package>=<version>`', 'hadolint', 48),
(277, 'DL3013', 'Pin versions in pip. Instead of `pip install <package>` use `pip install <package>==<version>` or `pip install --requirement <requirements file>`', 'hadolint', 48),
(278, 'DL3018', 'Pin versions in apk add. Instead of `apk add <package>` use `apk add <package>=<version>`', 'hadolint', 48),
(279, 'DL3003', 'Use WORKDIR to switch to a directory', 'hadolint', 49),
(280, 'DL3008', 'Pin versions in apt get install. Instead of `apt-get install <package>` use `apt-get install <package>=<version>`', 'hadolint', 49),
(281, 'DL3003', 'Use WORKDIR to switch to a directory', 'hadolint', 49),
(282, 'DL3008', 'Pin versions in apt get install. Instead of `apt-get install <package>` use `apt-get install <package>=<version>`', 'hadolint', 49),
(283, 'DL3008', 'Pin versions in apt get install. Instead of `apt-get install <package>` use `apt-get install <package>=<version>`', 'hadolint', 49),
(284, 'DL3016', 'Pin versions in npm. Instead of `npm install <package>` use `npm install <package>@<version>`', 'hadolint', 49),
(285, 'DL3028', 'Pin versions in gem install. Instead of `gem install <gem>` use `gem install <gem>:<version>`', 'hadolint', 49),
(286, 'DL3003', 'Use WORKDIR to switch to a directory', 'hadolint', 49),
(287, 'DL3008', 'Pin versions in apt get install. Instead of `apt-get install <package>` use `apt-get install <package>=<version>`', 'hadolint', 49),
(288, 'DL3008', 'Pin versions in apt get install. Instead of `apt-get install <package>` use `apt-get install <package>=<version>`', 'hadolint', 49),
(289, 'DL3028', 'Pin versions in gem install. Instead of `gem install <gem>` use `gem install <gem>:<version>`', 'hadolint', 49),
(290, 'DL3003', 'Use WORKDIR to switch to a directory', 'hadolint', 49),
(291, 'Optimization', 'Use of apt-get update should be paired with rm -rf /var/lib/apt/lists/* in the same layer.', 'dockerfilelint', 49),
(292, 'Optimization', 'Use of apt-get update should be paired with rm -rf /var/lib/apt/lists/* in the same layer.', 'dockerfilelint', 49),
(293, 'Optimization', 'Use of apt-get update should be paired with rm -rf /var/lib/apt/lists/* in the same layer.', 'dockerfilelint', 49),
(294, 'SC2086', 'Double quote to prevent globbing and word splitting.', 'hadolint', 50),
(295, 'DL3018', 'Pin versions in apk add. Instead of `apk add <package>` use `apk add <package>=<version>`', 'hadolint', 50),
(296, 'DL3018', 'Pin versions in apk add. Instead of `apk add <package>` use `apk add <package>=<version>`', 'hadolint', 50),
(297, 'SC2046', 'Quote this to prevent word splitting.', 'hadolint', 50),
(298, 'SC2046', 'Quote this to prevent word splitting.', 'hadolint', 50),
(299, 'DL3013', 'Pin versions in pip. Instead of `pip install <package>` use `pip install <package>==<version>` or `pip install --requirement <requirements file>`', 'hadolint', 50),
(300, 'DL3042', 'Avoid use of cache directory with pip. Use `pip install --no-cache-dir <package>`', 'hadolint', 50),
(301, 'DL3008', 'Pin versions in apt get install. Instead of `apt-get install <package>` use `apt-get install <package>=<version>`', 'hadolint', 51),
(302, 'DL3008', 'Pin versions in apt get install. Instead of `apt-get install <package>` use `apt-get install <package>=<version>`', 'hadolint', 52),
(303, 'DL3015', 'Avoid additional packages by specifying `--no-install-recommends`', 'hadolint', 52),
(304, 'Optimization', 'Consider using a `--no-install-recommends` when `apt-get` installing packages.  This will result in a smaller image size.  For\nmore information, see [this blog post](http://blog.replicated.com/2016/02/05/refactoring-a-dockerfile-for-image-size/)', 'dockerfilelint', 52),
(305, 'DL3018', 'Pin versions in apk add. Instead of `apk add <package>` use `apk add <package>=<version>`', 'hadolint', 54),
(306, 'DL3008', 'Pin versions in apt get install. Instead of `apt-get install <package>` use `apt-get install <package>=<version>`', 'hadolint', 54),
(307, 'DL3032', '`yum clean all` missing after yum command.', 'hadolint', 54),
(308, 'DL3033', 'Specify version with `yum install -y <package>-<version>`.', 'hadolint', 54),
(309, 'DL3003', 'Use WORKDIR to switch to a directory', 'hadolint', 54),
(310, 'DL4006', 'Set the SHELL option -o pipefail before RUN with a pipe in it. If you are using /bin/sh in an alpine image or if your shell is symlinked to busybox then consider explicitly setting your SHELL to /bin/ash, or disable this check', 'hadolint', 54),
(311, 'SC2046', 'Quote this to prevent word splitting.', 'hadolint', 54),
(312, 'SC2116', 'Useless echo? Instead of \'cmd $(echo foo)\', just use \'cmd foo\'.', 'hadolint', 54),
(313, 'DL4006', 'Set the SHELL option -o pipefail before RUN with a pipe in it. If you are using /bin/sh in an alpine image or if your shell is symlinked to busybox then consider explicitly setting your SHELL to /bin/ash, or disable this check', 'hadolint', 54),
(314, 'DL3006', 'Always tag the version of an image explicitly', 'hadolint', 54),
(315, 'DL3042', 'Avoid use of cache directory with pip. Use `pip install --no-cache-dir <package>`', 'hadolint', 54),
(316, 'DL3042', 'Avoid use of cache directory with pip. Use `pip install --no-cache-dir <package>`', 'hadolint', 54),
(317, 'DL3006', 'Always tag the version of an image explicitly', 'hadolint', 54),
(318, 'Optimization', 'Use of apt-get update should be paired with rm -rf /var/lib/apt/lists/* in the same layer.', 'dockerfilelint', 54),
(319, 'Clarity', 'Base images should specify a tag to use.', 'dockerfilelint', 54),
(320, 'Clarity', 'Base images should specify a tag to use.', 'dockerfilelint', 54),
(321, 'Clarity', 'Base images should specify a tag to use.', 'dockerfilelint', 54),
(322, 'DL3008', 'Pin versions in apt get install. Instead of `apt-get install <package>` use `apt-get install <package>=<version>`', 'hadolint', 55),
(323, 'DL3015', 'Avoid additional packages by specifying `--no-install-recommends`', 'hadolint', 55),
(324, 'DL4006', 'Set the SHELL option -o pipefail before RUN with a pipe in it. If you are using /bin/sh in an alpine image or if your shell is symlinked to busybox then consider explicitly setting your SHELL to /bin/ash, or disable this check', 'hadolint', 55),
(325, 'DL3008', 'Pin versions in apt get install. Instead of `apt-get install <package>` use `apt-get install <package>=<version>`', 'hadolint', 55),
(326, 'DL3015', 'Avoid additional packages by specifying `--no-install-recommends`', 'hadolint', 55),
(327, 'DL3016', 'Pin versions in npm. Instead of `npm install <package>` use `npm install <package>@<version>`', 'hadolint', 55),
(328, 'Optimization', 'Consider using a `--no-install-recommends` when `apt-get` installing packages.  This will result in a smaller image size.  For\nmore information, see [this blog post](http://blog.replicated.com/2016/02/05/refactoring-a-dockerfile-for-image-size/)', 'dockerfilelint', 55),
(329, 'Optimization', 'Consider using a `--no-install-recommends` when `apt-get` installing packages.  This will result in a smaller image size.  For\nmore information, see [this blog post](http://blog.replicated.com/2016/02/05/refactoring-a-dockerfile-for-image-size/)', 'dockerfilelint', 55),
(330, 'DL3018', 'Pin versions in apk add. Instead of `apk add <package>` use `apk add <package>=<version>`', 'hadolint', 56),
(331, 'DL3020', 'Use COPY instead of ADD for files and folders', 'hadolint', 56),
(332, 'DL3003', 'Use WORKDIR to switch to a directory', 'hadolint', 56),
(333, 'DL4006', 'Set the SHELL option -o pipefail before RUN with a pipe in it. If you are using /bin/sh in an alpine image or if your shell is symlinked to busybox then consider explicitly setting your SHELL to /bin/ash, or disable this check', 'hadolint', 56),
(334, 'DL4006', 'Set the SHELL option -o pipefail before RUN with a pipe in it. If you are using /bin/sh in an alpine image or if your shell is symlinked to busybox then consider explicitly setting your SHELL to /bin/ash, or disable this check', 'hadolint', 56),
(335, 'DL3027', 'Do not use apt as it is meant to be a end-user tool, use apt-get or apt-cache instead', 'hadolint', 57),
(336, 'DL4006', 'Set the SHELL option -o pipefail before RUN with a pipe in it. If you are using /bin/sh in an alpine image or if your shell is symlinked to busybox then consider explicitly setting your SHELL to /bin/ash, or disable this check', 'hadolint', 57),
(337, 'DL3013', 'Pin versions in pip. Instead of `pip install <package>` use `pip install <package>==<version>` or `pip install --requirement <requirements file>`', 'hadolint', 57),
(338, 'DL3042', 'Avoid use of cache directory with pip. Use `pip install --no-cache-dir <package>`', 'hadolint', 57),
(339, 'DL3006', 'Always tag the version of an image explicitly', 'hadolint', 58),
(340, 'DL3008', 'Pin versions in apt get install. Instead of `apt-get install <package>` use `apt-get install <package>=<version>`', 'hadolint', 58),
(341, 'DL3008', 'Pin versions in apt get install. Instead of `apt-get install <package>` use `apt-get install <package>=<version>`', 'hadolint', 58),
(342, 'DL3006', 'Always tag the version of an image explicitly', 'hadolint', 58),
(343, 'DL3008', 'Pin versions in apt get install. Instead of `apt-get install <package>` use `apt-get install <package>=<version>`', 'hadolint', 58),
(344, 'DL3008', 'Pin versions in apt get install. Instead of `apt-get install <package>` use `apt-get install <package>=<version>`', 'hadolint', 58),
(345, 'Clarity', 'Base images should specify a tag to use.', 'dockerfilelint', 58),
(346, 'Possible Bug', 'Use of `sudo` is not allowed in a Dockerfile.  From the official document [Best practices for writing Dockerfiles](https://docs.docker.com/engine/userguide/eng-image/dockerfile_best-practices/):\n> You should avoid installing or using `sudo` since it has unpredictable TTY and signal-forwarding behavior that can cause more problems than it solves.\n> If you absolutely need functionality similar to `sudo` (e.g., initializing the daemon as root but running it as non-root), you may be able to use `gos', 'dockerfilelint', 58),
(347, 'Clarity', 'Base images should specify a tag to use.', 'dockerfilelint', 58),
(348, 'Possible Bug', 'Use of `sudo` is not allowed in a Dockerfile.  From the official document [Best practices for writing Dockerfiles](https://docs.docker.com/engine/userguide/eng-image/dockerfile_best-practices/):\n> You should avoid installing or using `sudo` since it has unpredictable TTY and signal-forwarding behavior that can cause more problems than it solves.\n> If you absolutely need functionality similar to `sudo` (e.g., initializing the daemon as root but running it as non-root), you may be able to use `gos', 'dockerfilelint', 58),
(349, 'DL3027', 'Do not use apt as it is meant to be a end-user tool, use apt-get or apt-cache instead', 'hadolint', 59),
(350, 'DL3027', 'Do not use apt as it is meant to be a end-user tool, use apt-get or apt-cache instead', 'hadolint', 59),
(351, 'DL4006', 'Set the SHELL option -o pipefail before RUN with a pipe in it. If you are using /bin/sh in an alpine image or if your shell is symlinked to busybox then consider explicitly setting your SHELL to /bin/ash, or disable this check', 'hadolint', 59),
(352, 'DL4006', 'Set the SHELL option -o pipefail before RUN with a pipe in it. If you are using /bin/sh in an alpine image or if your shell is symlinked to busybox then consider explicitly setting your SHELL to /bin/ash, or disable this check', 'hadolint', 59),
(353, 'DL3027', 'Do not use apt as it is meant to be a end-user tool, use apt-get or apt-cache instead', 'hadolint', 59),
(354, 'DL3027', 'Do not use apt as it is meant to be a end-user tool, use apt-get or apt-cache instead', 'hadolint', 59),
(355, 'Clarity', 'Base images should specify a tag to use.', 'dockerfilelint', 59),
(356, 'Clarity', 'Base images should specify a tag to use.', 'dockerfilelint', 59),
(357, 'Optimization', 'Use of `apt-get upgrade` is not allowed in a Dockerfile.  From the [best practices - take 2](http://crosbymichael.com/dockerfile-best-practices-take-2.html) blog post:\n> Updates will be baked into the based images you don\'t need to apt-get upgrade your containers. Because of the isolation that happens this can often fail if something is\n> trying to modify init or make device changes inside a container. It also produces inconsistent images because you no longer have one source of truth of how you', 'dockerfilelint', 60),
(358, 'DL3008', 'Pin versions in apt get install. Instead of `apt-get install <package>` use `apt-get install <package>=<version>`', 'hadolint', 61),
(359, 'DL3008', 'Pin versions in apt get install. Instead of `apt-get install <package>` use `apt-get install <package>=<version>`', 'hadolint', 62),
(360, 'DL3009', 'Delete the apt-get lists after installing something', 'hadolint', 62),
(361, 'Possible Bug', 'Use of `sudo` is not allowed in a Dockerfile.  From the official document [Best practices for writing Dockerfiles](https://docs.docker.com/engine/userguide/eng-image/dockerfile_best-practices/):\n> You should avoid installing or using `sudo` since it has unpredictable TTY and signal-forwarding behavior that can cause more problems than it solves.\n> If you absolutely need functionality similar to `sudo` (e.g., initializing the daemon as root but running it as non-root), you may be able to use `gos', 'dockerfilelint', 62),
(362, 'Optimization', 'Use of apt-get update should be paired with rm -rf /var/lib/apt/lists/* in the same layer.', 'dockerfilelint', 62),
(363, 'Possible Bug', 'Use of `sudo` is not allowed in a Dockerfile.  From the official document [Best practices for writing Dockerfiles](https://docs.docker.com/engine/userguide/eng-image/dockerfile_best-practices/):\n> You should avoid installing or using `sudo` since it has unpredictable TTY and signal-forwarding behavior that can cause more problems than it solves.\n> If you absolutely need functionality similar to `sudo` (e.g., initializing the daemon as root but running it as non-root), you may be able to use `gos', 'dockerfilelint', 62),
(364, 'SC2102', 'Ranges can only match single chars (mentioned due to duplicates).', 'hadolint', 63),
(365, 'DL3003', 'Use WORKDIR to switch to a directory', 'hadolint', 63),
(366, 'DL3013', 'Pin versions in pip. Instead of `pip install <package>` use `pip install <package>==<version>` or `pip install --requirement <requirements file>`', 'hadolint', 63),
(367, 'DL3027', 'Do not use apt as it is meant to be a end-user tool, use apt-get or apt-cache instead', 'hadolint', 63),
(368, 'DL3007', 'Using latest is prone to errors if the image will ever update. Pin the version explicitly to a release tag', 'hadolint', 64),
(369, 'Clarity', 'Base images should not use the latest tag.', 'dockerfilelint', 64),
(370, 'DL3018', 'Pin versions in apk add. Instead of `apk add <package>` use `apk add <package>=<version>`', 'hadolint', 66),
(371, 'SC2039', 'In POSIX sh, \'source\' in place of \'.\' is undefined.', 'hadolint', 66),
(372, 'SC1091', 'Not following: File not included in mock.', 'hadolint', 66),
(373, 'DL3002', 'Last USER should not be root', 'hadolint', 66),
(374, 'DL3018', 'Pin versions in apk add. Instead of `apk add <package>` use `apk add <package>=<version>`', 'hadolint', 68),
(375, 'DL3018', 'Pin versions in apk add. Instead of `apk add <package>` use `apk add <package>=<version>`', 'hadolint', 70),
(376, 'DL3019', 'Use the `--no-cache` switch to avoid the need to use `--update` and remove `/var/cache/apk/*` when done installing packages', 'hadolint', 70),
(377, 'DL3022', 'COPY --from should reference a previously defined FROM alias', 'hadolint', 70),
(378, 'DL3022', 'COPY --from should reference a previously defined FROM alias', 'hadolint', 70),
(379, 'Optimization', 'Consider using a `--no-cache` (supported in alpine linux >= 3.3) or `--update` followed by the command `rm -rf /var/cache/apk/*` when `apk` adding packages.  This will result in a smaller image size.  For\nmore information, see [this link](https://github.com/gliderlabs/docker-alpine/blob/master/docs/usage.md)', 'dockerfilelint', 70),
(380, 'DL3007', 'Using latest is prone to errors if the image will ever update. Pin the version explicitly to a release tag', 'hadolint', 71),
(381, 'Clarity', 'Base images should not use the latest tag.', 'dockerfilelint', 71),
(382, 'DL3006', 'Always tag the version of an image explicitly', 'hadolint', 72);
INSERT INTO `smells` (`id_smell`, `category`, `description`, `type`, `repository_id`) VALUES
(383, 'DL3020', 'Use COPY instead of ADD for files and folders', 'hadolint', 72),
(384, 'DL3006', 'Always tag the version of an image explicitly', 'hadolint', 72),
(385, 'DL3013', 'Pin versions in pip. Instead of `pip install <package>` use `pip install <package>==<version>` or `pip install --requirement <requirements file>`', 'hadolint', 72),
(386, 'DL3042', 'Avoid use of cache directory with pip. Use `pip install --no-cache-dir <package>`', 'hadolint', 72),
(387, 'DL3006', 'Always tag the version of an image explicitly', 'hadolint', 72),
(388, 'Clarity', 'Base images should specify a tag to use.', 'dockerfilelint', 72),
(389, 'Clarity', 'Base images should specify a tag to use.', 'dockerfilelint', 72),
(390, 'Clarity', 'Base images should specify a tag to use.', 'dockerfilelint', 72),
(391, 'DL3025', 'Use arguments JSON notation for CMD and ENTRYPOINT arguments', 'hadolint', 73),
(392, 'DL3003', 'Use WORKDIR to switch to a directory', 'hadolint', 75),
(393, 'DL3008', 'Pin versions in apt get install. Instead of `apt-get install <package>` use `apt-get install <package>=<version>`', 'hadolint', 75),
(394, 'DL3013', 'Pin versions in pip. Instead of `pip install <package>` use `pip install <package>==<version>` or `pip install --requirement <requirements file>`', 'hadolint', 75),
(395, 'DL3015', 'Avoid additional packages by specifying `--no-install-recommends`', 'hadolint', 75),
(396, 'DL3042', 'Avoid use of cache directory with pip. Use `pip install --no-cache-dir <package>`', 'hadolint', 75),
(397, 'Optimization', 'Consider using a `--no-install-recommends` when `apt-get` installing packages.  This will result in a smaller image size.  For\nmore information, see [this blog post](http://blog.replicated.com/2016/02/05/refactoring-a-dockerfile-for-image-size/)', 'dockerfilelint', 75),
(398, 'DL3020', 'Use COPY instead of ADD for files and folders', 'hadolint', 76),
(399, 'SC2086', 'Double quote to prevent globbing and word splitting.', 'hadolint', 76),
(400, 'DL3003', 'Use WORKDIR to switch to a directory', 'hadolint', 76),
(401, 'DL3008', 'Pin versions in apt get install. Instead of `apt-get install <package>` use `apt-get install <package>=<version>`', 'hadolint', 76),
(402, 'DL3013', 'Pin versions in pip. Instead of `pip install <package>` use `pip install <package>==<version>` or `pip install --requirement <requirements file>`', 'hadolint', 76),
(403, 'DL3015', 'Avoid additional packages by specifying `--no-install-recommends`', 'hadolint', 76),
(404, 'DL4006', 'Set the SHELL option -o pipefail before RUN with a pipe in it. If you are using /bin/sh in an alpine image or if your shell is symlinked to busybox then consider explicitly setting your SHELL to /bin/ash, or disable this check', 'hadolint', 76),
(405, 'DL3042', 'Avoid use of cache directory with pip. Use `pip install --no-cache-dir <package>`', 'hadolint', 76),
(406, 'Optimization', 'Consider using a `--no-install-recommends` when `apt-get` installing packages.  This will result in a smaller image size.  For\nmore information, see [this blog post](http://blog.replicated.com/2016/02/05/refactoring-a-dockerfile-for-image-size/)', 'dockerfilelint', 76),
(407, 'DL3000', 'Use absolute WORKDIR', 'hadolint', 77),
(408, 'DL4000', 'MAINTAINER is deprecated', 'hadolint', 77),
(409, 'DL3000', 'Use absolute WORKDIR', 'hadolint', 77),
(410, 'DL3025', 'Use arguments JSON notation for CMD and ENTRYPOINT arguments', 'hadolint', 77),
(411, 'Deprecation', 'This INSTRUCTION is deprecated as of Docker 1.13', 'dockerfilelint', 77),
(412, 'DL3027', 'Do not use apt as it is meant to be a end-user tool, use apt-get or apt-cache instead', 'hadolint', 78),
(413, 'Possible Bug', 'Using LABEL should be in key=value format.', 'dockerfilelint', 78),
(414, 'DL3008', 'Pin versions in apt get install. Instead of `apt-get install <package>` use `apt-get install <package>=<version>`', 'hadolint', 79),
(415, 'DL3015', 'Avoid additional packages by specifying `--no-install-recommends`', 'hadolint', 79),
(416, 'DL4006', 'Set the SHELL option -o pipefail before RUN with a pipe in it. If you are using /bin/sh in an alpine image or if your shell is symlinked to busybox then consider explicitly setting your SHELL to /bin/ash, or disable this check', 'hadolint', 79),
(417, 'DL3020', 'Use COPY instead of ADD for files and folders', 'hadolint', 79),
(418, 'SC2028', 'echo may not expand escape sequences. Use printf.', 'hadolint', 79),
(419, 'DL3042', 'Avoid use of cache directory with pip. Use `pip install --no-cache-dir <package>`', 'hadolint', 79),
(420, 'DL3042', 'Avoid use of cache directory with pip. Use `pip install --no-cache-dir <package>`', 'hadolint', 79),
(421, 'DL3042', 'Avoid use of cache directory with pip. Use `pip install --no-cache-dir <package>`', 'hadolint', 79),
(422, 'Possible Bug', 'Use of `sudo` is not allowed in a Dockerfile.  From the official document [Best practices for writing Dockerfiles](https://docs.docker.com/engine/userguide/eng-image/dockerfile_best-practices/):\n> You should avoid installing or using `sudo` since it has unpredictable TTY and signal-forwarding behavior that can cause more problems than it solves.\n> If you absolutely need functionality similar to `sudo` (e.g., initializing the daemon as root but running it as non-root), you may be able to use `gos', 'dockerfilelint', 79),
(423, 'Optimization', 'Consider using a `--no-install-recommends` when `apt-get` installing packages.  This will result in a smaller image size.  For\nmore information, see [this blog post](http://blog.replicated.com/2016/02/05/refactoring-a-dockerfile-for-image-size/)', 'dockerfilelint', 79),
(424, 'DL3018', 'Pin versions in apk add. Instead of `apk add <package>` use `apk add <package>=<version>`', 'hadolint', 80),
(425, 'DL3019', 'Use the `--no-cache` switch to avoid the need to use `--update` and remove `/var/cache/apk/*` when done installing packages', 'hadolint', 80),
(426, 'DL3018', 'Pin versions in apk add. Instead of `apk add <package>` use `apk add <package>=<version>`', 'hadolint', 80),
(427, 'DL3019', 'Use the `--no-cache` switch to avoid the need to use `--update` and remove `/var/cache/apk/*` when done installing packages', 'hadolint', 80),
(428, 'Possible Bug', 'Exposing ports should only be valid port numbers.', 'dockerfilelint', 80),
(429, 'SC1001', 'This \\P will be a regular \'P\' in this context.', 'hadolint', 81),
(430, 'DL3008', 'Pin versions in apt get install. Instead of `apt-get install <package>` use `apt-get install <package>=<version>`', 'hadolint', 81),
(431, 'DL3016', 'Pin versions in npm. Instead of `npm install <package>` use `npm install <package>@<version>`', 'hadolint', 81),
(432, 'DL4006', 'Set the SHELL option -o pipefail before RUN with a pipe in it. If you are using /bin/sh in an alpine image or if your shell is symlinked to busybox then consider explicitly setting your SHELL to /bin/ash, or disable this check', 'hadolint', 81),
(433, 'DL3003', 'Use WORKDIR to switch to a directory', 'hadolint', 81),
(434, 'Possible Bug', 'Use of `sudo` is not allowed in a Dockerfile.  From the official document [Best practices for writing Dockerfiles](https://docs.docker.com/engine/userguide/eng-image/dockerfile_best-practices/):\n> You should avoid installing or using `sudo` since it has unpredictable TTY and signal-forwarding behavior that can cause more problems than it solves.\n> If you absolutely need functionality similar to `sudo` (e.g., initializing the daemon as root but running it as non-root), you may be able to use `gos', 'dockerfilelint', 81),
(435, 'DL3008', 'Pin versions in apt get install. Instead of `apt-get install <package>` use `apt-get install <package>=<version>`', 'hadolint', 82),
(436, 'DL3006', 'Always tag the version of an image explicitly', 'hadolint', 83),
(437, 'Clarity', 'Base images should specify a tag to use.', 'dockerfilelint', 83),
(438, 'DL3018', 'Pin versions in apk add. Instead of `apk add <package>` use `apk add <package>=<version>`', 'hadolint', 85),
(439, 'DL3007', 'Using latest is prone to errors if the image will ever update. Pin the version explicitly to a release tag', 'hadolint', 86),
(440, 'Clarity', 'Base images should not use the latest tag.', 'dockerfilelint', 86),
(441, 'SC2046', 'Quote this to prevent word splitting.', 'hadolint', 87),
(442, 'SC2028', 'echo may not expand escape sequences. Use printf.', 'hadolint', 87),
(443, 'SC2035', 'Use ./*glob* or -- *glob* so names with dashes won\'t become options.', 'hadolint', 87),
(444, 'DL3003', 'Use WORKDIR to switch to a directory', 'hadolint', 87),
(445, 'DL3008', 'Pin versions in apt get install. Instead of `apt-get install <package>` use `apt-get install <package>=<version>`', 'hadolint', 87),
(446, 'DL4006', 'Set the SHELL option -o pipefail before RUN with a pipe in it. If you are using /bin/sh in an alpine image or if your shell is symlinked to busybox then consider explicitly setting your SHELL to /bin/ash, or disable this check', 'hadolint', 87),
(447, 'Optimization', 'Use of apt-get update should be paired with rm -rf /var/lib/apt/lists/* in the same layer.', 'dockerfilelint', 87),
(448, 'Possible Bug', 'Exposing ports should only be valid port numbers.', 'dockerfilelint', 87),
(449, 'DL3018', 'Pin versions in apk add. Instead of `apk add <package>` use `apk add <package>=<version>`', 'hadolint', 88),
(450, 'DL3018', 'Pin versions in apk add. Instead of `apk add <package>` use `apk add <package>=<version>`', 'hadolint', 88),
(451, 'DL3018', 'Pin versions in apk add. Instead of `apk add <package>` use `apk add <package>=<version>`', 'hadolint', 88),
(452, 'DL3018', 'Pin versions in apk add. Instead of `apk add <package>` use `apk add <package>=<version>`', 'hadolint', 88),
(453, 'DL3018', 'Pin versions in apk add. Instead of `apk add <package>` use `apk add <package>=<version>`', 'hadolint', 88),
(454, 'DL3018', 'Pin versions in apk add. Instead of `apk add <package>` use `apk add <package>=<version>`', 'hadolint', 88),
(455, 'DL3018', 'Pin versions in apk add. Instead of `apk add <package>` use `apk add <package>=<version>`', 'hadolint', 88),
(456, 'DL3018', 'Pin versions in apk add. Instead of `apk add <package>` use `apk add <package>=<version>`', 'hadolint', 88),
(457, 'DL3020', 'Use COPY instead of ADD for files and folders', 'hadolint', 88),
(458, 'DL3020', 'Use COPY instead of ADD for files and folders', 'hadolint', 88),
(459, 'DL3020', 'Use COPY instead of ADD for files and folders', 'hadolint', 88),
(460, 'DL3020', 'Use COPY instead of ADD for files and folders', 'hadolint', 88),
(461, 'DL3003', 'Use WORKDIR to switch to a directory', 'hadolint', 89),
(462, 'DL4006', 'Set the SHELL option -o pipefail before RUN with a pipe in it. If you are using /bin/sh in an alpine image or if your shell is symlinked to busybox then consider explicitly setting your SHELL to /bin/ash, or disable this check', 'hadolint', 89),
(463, 'DL3025', 'Use arguments JSON notation for CMD and ENTRYPOINT arguments', 'hadolint', 89),
(464, 'DL3007', 'Using latest is prone to errors if the image will ever update. Pin the version explicitly to a release tag', 'hadolint', 90),
(465, 'DL3031', 'Do not use yum update.', 'hadolint', 90),
(466, 'DL3033', 'Specify version with `yum install -y <package>-<version>`.', 'hadolint', 90),
(467, 'DL3032', '`yum clean all` missing after yum command.', 'hadolint', 90),
(468, 'DL3033', 'Specify version with `yum install -y <package>-<version>`.', 'hadolint', 90),
(469, 'DL3020', 'Use COPY instead of ADD for files and folders', 'hadolint', 90),
(470, 'Clarity', 'Base images should not use the latest tag.', 'dockerfilelint', 90),
(471, 'DL3018', 'Pin versions in apk add. Instead of `apk add <package>` use `apk add <package>=<version>`', 'hadolint', 91),
(472, 'DL3042', 'Avoid use of cache directory with pip. Use `pip install --no-cache-dir <package>`', 'hadolint', 91),
(473, 'DL3025', 'Use arguments JSON notation for CMD and ENTRYPOINT arguments', 'hadolint', 91),
(474, 'Optimization', 'Consider using a `--virtual` or `-t` switch to group multiple packages for easy cleanup.  This will help ensure future authors will continue to clean up build dependencies and other temporary packages.  For\nmore information, see [this link](https://github.com/gliderlabs/docker-alpine/blob/master/docs/usage.md#virtual-packages)', 'dockerfilelint', 91),
(475, 'DL3002', 'Last USER should not be root', 'hadolint', 92),
(476, 'DL3041', 'Specify version with `dnf install -y <package>-<version>`.', 'hadolint', 92),
(477, 'DL4001', 'Either use Wget or Curl but not both', 'hadolint', 92),
(478, 'SC2039', 'In POSIX sh, brace expansion is undefined.', 'hadolint', 92),
(479, 'SC2046', 'Quote this to prevent word splitting.', 'hadolint', 92),
(480, 'SC2005', 'Useless echo? Instead of \'echo $(cmd)\', just use \'cmd\'.', 'hadolint', 92),
(481, 'DL3041', 'Specify version with `dnf install -y <package>-<version>`.', 'hadolint', 92),
(482, 'DL3040', '`dnf clean all` missing after dnf command.', 'hadolint', 92),
(483, 'DL3041', 'Specify version with `dnf install -y <package>-<version>`.', 'hadolint', 92),
(484, 'Clarity', 'Base images should specify a tag to use.', 'dockerfilelint', 92),
(485, 'Clarity', 'Base images should specify a tag to use.', 'dockerfilelint', 92),
(486, 'DL3032', '`yum clean all` missing after yum command.', 'hadolint', 93),
(487, 'DL3033', 'Specify version with `yum install -y <package>-<version>`.', 'hadolint', 93),
(488, 'DL3025', 'Use arguments JSON notation for CMD and ENTRYPOINT arguments', 'hadolint', 93),
(489, 'DL3018', 'Pin versions in apk add. Instead of `apk add <package>` use `apk add <package>=<version>`', 'hadolint', 94),
(490, 'DL3022', 'COPY --from should reference a previously defined FROM alias', 'hadolint', 94),
(491, 'DL3007', 'Using latest is prone to errors if the image will ever update. Pin the version explicitly to a release tag', 'hadolint', 94),
(492, 'DL3018', 'Pin versions in apk add. Instead of `apk add <package>` use `apk add <package>=<version>`', 'hadolint', 94),
(493, 'Clarity', 'Base images should not use the latest tag.', 'dockerfilelint', 94),
(494, 'DL4005', 'Use SHELL to change the default shell', 'hadolint', 95),
(495, 'DL3008', 'Pin versions in apt get install. Instead of `apt-get install <package>` use `apt-get install <package>=<version>`', 'hadolint', 95),
(496, 'DL3008', 'Pin versions in apt get install. Instead of `apt-get install <package>` use `apt-get install <package>=<version>`', 'hadolint', 95),
(497, 'DL4006', 'Set the SHELL option -o pipefail before RUN with a pipe in it. If you are using /bin/sh in an alpine image or if your shell is symlinked to busybox then consider explicitly setting your SHELL to /bin/ash, or disable this check', 'hadolint', 95),
(498, 'Possible Bug', 'Using LABEL should be in key=value format.', 'dockerfilelint', 95),
(499, 'DL3003', 'Use WORKDIR to switch to a directory', 'hadolint', 96),
(500, 'DL3042', 'Avoid use of cache directory with pip. Use `pip install --no-cache-dir <package>`', 'hadolint', 96),
(501, 'DL3009', 'Delete the apt-get lists after installing something', 'hadolint', 98),
(502, 'DL3005', 'Do not use apt-get upgrade or dist-upgrade', 'hadolint', 98),
(503, 'DL3008', 'Pin versions in apt get install. Instead of `apt-get install <package>` use `apt-get install <package>=<version>`', 'hadolint', 98),
(504, 'DL3015', 'Avoid additional packages by specifying `--no-install-recommends`', 'hadolint', 98),
(505, 'DL3008', 'Pin versions in apt get install. Instead of `apt-get install <package>` use `apt-get install <package>=<version>`', 'hadolint', 98),
(506, 'DL3015', 'Avoid additional packages by specifying `--no-install-recommends`', 'hadolint', 98),
(507, 'DL3008', 'Pin versions in apt get install. Instead of `apt-get install <package>` use `apt-get install <package>=<version>`', 'hadolint', 98),
(508, 'DL3015', 'Avoid additional packages by specifying `--no-install-recommends`', 'hadolint', 98),
(509, 'DL3013', 'Pin versions in pip. Instead of `pip install <package>` use `pip install <package>==<version>` or `pip install --requirement <requirements file>`', 'hadolint', 98),
(510, 'DL3042', 'Avoid use of cache directory with pip. Use `pip install --no-cache-dir <package>`', 'hadolint', 98),
(511, 'SC2035', 'Use ./*glob* or -- *glob* so names with dashes won\'t become options.', 'hadolint', 98),
(512, 'DL3008', 'Pin versions in apt get install. Instead of `apt-get install <package>` use `apt-get install <package>=<version>`', 'hadolint', 98),
(513, 'DL3015', 'Avoid additional packages by specifying `--no-install-recommends`', 'hadolint', 98),
(514, 'SC2028', 'echo may not expand escape sequences. Use printf.', 'hadolint', 98),
(515, 'DL3009', 'Delete the apt-get lists after installing something', 'hadolint', 98),
(516, 'DL3008', 'Pin versions in apt get install. Instead of `apt-get install <package>` use `apt-get install <package>=<version>`', 'hadolint', 98),
(517, 'DL3015', 'Avoid additional packages by specifying `--no-install-recommends`', 'hadolint', 98),
(518, 'Optimization', 'Use of apt-get update should be paired with rm -rf /var/lib/apt/lists/* in the same layer.', 'dockerfilelint', 98),
(519, 'Optimization', 'All instances of `apt-get update` should have the `apt-get install` commands on the same line to reduce image size.', 'dockerfilelint', 98),
(520, 'Optimization', 'Use of `apt-get upgrade` is not allowed in a Dockerfile.  From the [best practices - take 2](http://crosbymichael.com/dockerfile-best-practices-take-2.html) blog post:\n> Updates will be baked into the based images you don\'t need to apt-get upgrade your containers. Because of the isolation that happens this can often fail if something is\n> trying to modify init or make device changes inside a container. It also produces inconsistent images because you no longer have one source of truth of how you', 'dockerfilelint', 98),
(521, 'Optimization', 'Consider using a `--no-install-recommends` when `apt-get` installing packages.  This will result in a smaller image size.  For\nmore information, see [this blog post](http://blog.replicated.com/2016/02/05/refactoring-a-dockerfile-for-image-size/)', 'dockerfilelint', 98),
(522, 'Optimization', 'Consider using a `--no-install-recommends` when `apt-get` installing packages.  This will result in a smaller image size.  For\nmore information, see [this blog post](http://blog.replicated.com/2016/02/05/refactoring-a-dockerfile-for-image-size/)', 'dockerfilelint', 98),
(523, 'Optimization', 'Consider using a `--no-install-recommends` when `apt-get` installing packages.  This will result in a smaller image size.  For\nmore information, see [this blog post](http://blog.replicated.com/2016/02/05/refactoring-a-dockerfile-for-image-size/)', 'dockerfilelint', 98),
(524, 'Optimization', 'Consider using a `--no-install-recommends` when `apt-get` installing packages.  This will result in a smaller image size.  For\nmore information, see [this blog post](http://blog.replicated.com/2016/02/05/refactoring-a-dockerfile-for-image-size/)', 'dockerfilelint', 98),
(525, 'Optimization', 'Use of apt-get update should be paired with rm -rf /var/lib/apt/lists/* in the same layer.', 'dockerfilelint', 98),
(526, 'Optimization', 'All instances of `apt-get update` should have the `apt-get install` commands on the same line to reduce image size.', 'dockerfilelint', 98),
(527, 'Optimization', 'Consider using a `--no-install-recommends` when `apt-get` installing packages.  This will result in a smaller image size.  For\nmore information, see [this blog post](http://blog.replicated.com/2016/02/05/refactoring-a-dockerfile-for-image-size/)', 'dockerfilelint', 98),
(528, 'DL3008', 'Pin versions in apt get install. Instead of `apt-get install <package>` use `apt-get install <package>=<version>`', 'hadolint', 99),
(529, 'DL3009', 'Delete the apt-get lists after installing something', 'hadolint', 99),
(530, 'Optimization', 'Use of apt-get update should be paired with rm -rf /var/lib/apt/lists/* in the same layer.', 'dockerfilelint', 99),
(531, 'DL3008', 'Pin versions in apt get install. Instead of `apt-get install <package>` use `apt-get install <package>=<version>`', 'hadolint', 100),
(532, 'DL3013', 'Pin versions in pip. Instead of `pip install <package>` use `pip install <package>==<version>` or `pip install --requirement <requirements file>`', 'hadolint', 100),
(533, 'DL3008', 'Pin versions in apt get install. Instead of `apt-get install <package>` use `apt-get install <package>=<version>`', 'hadolint', 100),
(534, 'DL4006', 'Set the SHELL option -o pipefail before RUN with a pipe in it. If you are using /bin/sh in an alpine image or if your shell is symlinked to busybox then consider explicitly setting your SHELL to /bin/ash, or disable this check', 'hadolint', 100),
(535, 'DL3003', 'Use WORKDIR to switch to a directory', 'hadolint', 101),
(536, 'DL3008', 'Pin versions in apt get install. Instead of `apt-get install <package>` use `apt-get install <package>=<version>`', 'hadolint', 101),
(537, 'Optimization', 'Use of apt-get update should be paired with rm -rf /var/lib/apt/lists/* in the same layer.', 'dockerfilelint', 101),
(538, 'DL3020', 'Use COPY instead of ADD for files and folders', 'hadolint', 102),
(540, 'DL3005', 'Do not use apt-get upgrade or dist-upgrade', 'hadolint', 104),
(541, 'DL3008', 'Pin versions in apt get install. Instead of `apt-get install <package>` use `apt-get install <package>=<version>`', 'hadolint', 104),
(542, 'DL3015', 'Avoid additional packages by specifying `--no-install-recommends`', 'hadolint', 104),
(543, 'DL3008', 'Pin versions in apt get install. Instead of `apt-get install <package>` use `apt-get install <package>=<version>`', 'hadolint', 104),
(544, 'DL3009', 'Delete the apt-get lists after installing something', 'hadolint', 104),
(545, 'DL3015', 'Avoid additional packages by specifying `--no-install-recommends`', 'hadolint', 104),
(546, 'DL4006', 'Set the SHELL option -o pipefail before RUN with a pipe in it. If you are using /bin/sh in an alpine image or if your shell is symlinked to busybox then consider explicitly setting your SHELL to /bin/ash, or disable this check', 'hadolint', 104),
(547, 'DL3008', 'Pin versions in apt get install. Instead of `apt-get install <package>` use `apt-get install <package>=<version>`', 'hadolint', 104),
(548, 'DL3009', 'Delete the apt-get lists after installing something', 'hadolint', 104),
(549, 'DL3008', 'Pin versions in apt get install. Instead of `apt-get install <package>` use `apt-get install <package>=<version>`', 'hadolint', 104),
(550, 'DL4006', 'Set the SHELL option -o pipefail before RUN with a pipe in it. If you are using /bin/sh in an alpine image or if your shell is symlinked to busybox then consider explicitly setting your SHELL to /bin/ash, or disable this check', 'hadolint', 104),
(551, 'DL4006', 'Set the SHELL option -o pipefail before RUN with a pipe in it. If you are using /bin/sh in an alpine image or if your shell is symlinked to busybox then consider explicitly setting your SHELL to /bin/ash, or disable this check', 'hadolint', 104),
(552, 'Optimization', 'Use of `apt-get dist-upgrade` is not allowed in a Dockerfile.', 'dockerfilelint', 104),
(553, 'Optimization', 'Consider using a `--no-install-recommends` when `apt-get` installing packages.  This will result in a smaller image size.  For\nmore information, see [this blog post](http://blog.replicated.com/2016/02/05/refactoring-a-dockerfile-for-image-size/)', 'dockerfilelint', 104),
(554, 'Optimization', 'Use of apt-get update should be paired with rm -rf /var/lib/apt/lists/* in the same layer.', 'dockerfilelint', 104),
(555, 'Optimization', 'Consider using a `--no-install-recommends` when `apt-get` installing packages.  This will result in a smaller image size.  For\nmore information, see [this blog post](http://blog.replicated.com/2016/02/05/refactoring-a-dockerfile-for-image-size/)', 'dockerfilelint', 104),
(556, 'Optimization', 'Use of apt-get update should be paired with rm -rf /var/lib/apt/lists/* in the same layer.', 'dockerfilelint', 104),
(557, 'DL4000', 'MAINTAINER is deprecated', 'hadolint', 105),
(558, 'Deprecation', 'This INSTRUCTION is deprecated as of Docker 1.13', 'dockerfilelint', 105),
(559, 'DL3008', 'Pin versions in apt get install. Instead of `apt-get install <package>` use `apt-get install <package>=<version>`', 'hadolint', 107),
(560, 'SC2086', 'Double quote to prevent globbing and word splitting.', 'hadolint', 107),
(561, 'DL3013', 'Pin versions in pip. Instead of `pip install <package>` use `pip install <package>==<version>` or `pip install --requirement <requirements file>`', 'hadolint', 107),
(562, 'DL3042', 'Avoid use of cache directory with pip. Use `pip install --no-cache-dir <package>`', 'hadolint', 107),
(563, 'Clarity', 'Base images should specify a tag to use.', 'dockerfilelint', 107),
(564, 'Clarity', 'Base images should specify a tag to use.', 'dockerfilelint', 107),
(565, 'DL3018', 'Pin versions in apk add. Instead of `apk add <package>` use `apk add <package>=<version>`', 'hadolint', 108),
(566, 'DL3019', 'Use the `--no-cache` switch to avoid the need to use `--update` and remove `/var/cache/apk/*` when done installing packages', 'hadolint', 108),
(575, 'DL3009', 'Delete the apt-get lists after installing something', 'hadolint', 112),
(576, 'DL3008', 'Pin versions in apt get install. Instead of `apt-get install <package>` use `apt-get install <package>=<version>`', 'hadolint', 112),
(577, 'DL3015', 'Avoid additional packages by specifying `--no-install-recommends`', 'hadolint', 112),
(578, 'DL3020', 'Use COPY instead of ADD for files and folders', 'hadolint', 112),
(579, 'Optimization', 'Use of apt-get update should be paired with rm -rf /var/lib/apt/lists/* in the same layer.', 'dockerfilelint', 112),
(580, 'Optimization', 'All instances of `apt-get update` should have the `apt-get install` commands on the same line to reduce image size.', 'dockerfilelint', 112),
(581, 'Optimization', 'Consider using a `--no-install-recommends` when `apt-get` installing packages.  This will result in a smaller image size.  For\nmore information, see [this blog post](http://blog.replicated.com/2016/02/05/refactoring-a-dockerfile-for-image-size/)', 'dockerfilelint', 112),
(582, 'DL4000', 'MAINTAINER is deprecated', 'hadolint', 113),
(583, 'DL3009', 'Delete the apt-get lists after installing something', 'hadolint', 113),
(584, 'DL3008', 'Pin versions in apt get install. Instead of `apt-get install <package>` use `apt-get install <package>=<version>`', 'hadolint', 113),
(585, 'DL3015', 'Avoid additional packages by specifying `--no-install-recommends`', 'hadolint', 113),
(586, 'Deprecation', 'This INSTRUCTION is deprecated as of Docker 1.13', 'dockerfilelint', 113),
(587, 'Optimization', 'Use of apt-get update should be paired with rm -rf /var/lib/apt/lists/* in the same layer.', 'dockerfilelint', 113),
(588, 'Optimization', 'All instances of `apt-get update` should have the `apt-get install` commands on the same line to reduce image size.', 'dockerfilelint', 113),
(589, 'Optimization', 'Consider using a `--no-install-recommends` when `apt-get` installing packages.  This will result in a smaller image size.  For\nmore information, see [this blog post](http://blog.replicated.com/2016/02/05/refactoring-a-dockerfile-for-image-size/)', 'dockerfilelint', 113),
(590, 'DL3006', 'Always tag the version of an image explicitly', 'hadolint', 114),
(591, 'SC2038', 'Use -print0/-0 or -exec + to allow for non-alphanumeric filenames.', 'hadolint', 114),
(592, 'DL3003', 'Use WORKDIR to switch to a directory', 'hadolint', 114),
(593, 'DL3008', 'Pin versions in apt get install. Instead of `apt-get install <package>` use `apt-get install <package>=<version>`', 'hadolint', 114),
(594, 'DL3009', 'Delete the apt-get lists after installing something', 'hadolint', 114),
(595, 'DL3013', 'Pin versions in pip. Instead of `pip install <package>` use `pip install <package>==<version>` or `pip install --requirement <requirements file>`', 'hadolint', 114),
(596, 'DL3015', 'Avoid additional packages by specifying `--no-install-recommends`', 'hadolint', 114),
(597, 'DL4006', 'Set the SHELL option -o pipefail before RUN with a pipe in it. If you are using /bin/sh in an alpine image or if your shell is symlinked to busybox then consider explicitly setting your SHELL to /bin/ash, or disable this check', 'hadolint', 114),
(598, 'DL3042', 'Avoid use of cache directory with pip. Use `pip install --no-cache-dir <package>`', 'hadolint', 114),
(599, 'Clarity', 'Base images should specify a tag to use.', 'dockerfilelint', 114),
(600, 'Optimization', 'Use of apt-get update should be paired with rm -rf /var/lib/apt/lists/* in the same layer.', 'dockerfilelint', 114),
(601, 'Optimization', 'Consider using a `--no-install-recommends` when `apt-get` installing packages.  This will result in a smaller image size.  For\nmore information, see [this blog post](http://blog.replicated.com/2016/02/05/refactoring-a-dockerfile-for-image-size/)', 'dockerfilelint', 114),
(602, 'DL3001', 'For some bash commands it makes no sense running them in a Docker container like `ssh`, `vim`, `shutdown`, `service`, `ps`, `free`, `top`, `kill`, `mount`, `ifconfig`', 'hadolint', 115),
(603, 'DL3008', 'Pin versions in apt get install. Instead of `apt-get install <package>` use `apt-get install <package>=<version>`', 'hadolint', 115),
(604, 'DL3009', 'Delete the apt-get lists after installing something', 'hadolint', 115),
(605, 'DL3015', 'Avoid additional packages by specifying `--no-install-recommends`', 'hadolint', 115),
(606, 'DL4006', 'Set the SHELL option -o pipefail before RUN with a pipe in it. If you are using /bin/sh in an alpine image or if your shell is symlinked to busybox then consider explicitly setting your SHELL to /bin/ash, or disable this check', 'hadolint', 115),
(607, 'DL3001', 'For some bash commands it makes no sense running them in a Docker container like `ssh`, `vim`, `shutdown`, `service`, `ps`, `free`, `top`, `kill`, `mount`, `ifconfig`', 'hadolint', 115),
(608, 'DL3008', 'Pin versions in apt get install. Instead of `apt-get install <package>` use `apt-get install <package>=<version>`', 'hadolint', 115),
(609, 'DL3015', 'Avoid additional packages by specifying `--no-install-recommends`', 'hadolint', 115),
(610, 'DL3014', 'Use the `-y` switch to avoid manual input `apt-get -y install <package>`', 'hadolint', 115),
(611, 'DL4006', 'Set the SHELL option -o pipefail before RUN with a pipe in it. If you are using /bin/sh in an alpine image or if your shell is symlinked to busybox then consider explicitly setting your SHELL to /bin/ash, or disable this check', 'hadolint', 115),
(612, 'DL3020', 'Use COPY instead of ADD for files and folders', 'hadolint', 115),
(613, 'DL3020', 'Use COPY instead of ADD for files and folders', 'hadolint', 115),
(614, 'SC2039', 'In POSIX sh, brace expansion is undefined.', 'hadolint', 115),
(615, 'Optimization', 'Consider using a `--no-install-recommends` when `apt-get` installing packages.  This will result in a smaller image size.  For\nmore information, see [this blog post](http://blog.replicated.com/2016/02/05/refactoring-a-dockerfile-for-image-size/)', 'dockerfilelint', 115),
(616, 'Optimization', 'Consider using a `--no-install-recommends` when `apt-get` installing packages.  This will result in a smaller image size.  For\nmore information, see [this blog post](http://blog.replicated.com/2016/02/05/refactoring-a-dockerfile-for-image-size/)', 'dockerfilelint', 115),
(617, 'DL3018', 'Pin versions in apk add. Instead of `apk add <package>` use `apk add <package>=<version>`', 'hadolint', 119),
(620, 'DL3006', 'Always tag the version of an image explicitly', 'hadolint', 122),
(621, 'DL3003', 'Use WORKDIR to switch to a directory', 'hadolint', 122),
(622, 'Clarity', 'Base images should specify a tag to use.', 'dockerfilelint', 122),
(623, 'DL3020', 'Use COPY instead of ADD for files and folders', 'hadolint', 123),
(624, 'DL3020', 'Use COPY instead of ADD for files and folders', 'hadolint', 123),
(625, 'DL3020', 'Use COPY instead of ADD for files and folders', 'hadolint', 123),
(626, 'DL3003', 'Use WORKDIR to switch to a directory', 'hadolint', 123),
(627, 'DL3016', 'Pin versions in npm. Instead of `npm install <package>` use `npm install <package>@<version>`', 'hadolint', 123),
(628, 'DL3003', 'Use WORKDIR to switch to a directory', 'hadolint', 123),
(629, 'DL3020', 'Use COPY instead of ADD for files and folders', 'hadolint', 123),
(630, 'DL3020', 'Use COPY instead of ADD for files and folders', 'hadolint', 123),
(639, 'DL3008', 'Pin versions in apt get install. Instead of `apt-get install <package>` use `apt-get install <package>=<version>`', 'hadolint', 125),
(640, 'DL3009', 'Delete the apt-get lists after installing something', 'hadolint', 125),
(641, 'DL3015', 'Avoid additional packages by specifying `--no-install-recommends`', 'hadolint', 125),
(642, 'DL3020', 'Use COPY instead of ADD for files and folders', 'hadolint', 125),
(643, 'DL3042', 'Avoid use of cache directory with pip. Use `pip install --no-cache-dir <package>`', 'hadolint', 125),
(644, 'DL3025', 'Use arguments JSON notation for CMD and ENTRYPOINT arguments', 'hadolint', 125),
(645, 'Optimization', 'Use of apt-get update should be paired with rm -rf /var/lib/apt/lists/* in the same layer.', 'dockerfilelint', 125),
(646, 'Optimization', 'Consider using a `--no-install-recommends` when `apt-get` installing packages.  This will result in a smaller image size.  For\nmore information, see [this blog post](http://blog.replicated.com/2016/02/05/refactoring-a-dockerfile-for-image-size/)', 'dockerfilelint', 125);

--
-- Indici per le tabelle scaricate
--

--
-- Indici per le tabelle `languages`
--
ALTER TABLE `languages`
  ADD PRIMARY KEY (`id_language`),
  ADD KEY `id_repository` (`id_repository`);

--
-- Indici per le tabelle `repositories`
--
ALTER TABLE `repositories`
  ADD PRIMARY KEY (`id_repository`);

--
-- Indici per le tabelle `smells`
--
ALTER TABLE `smells`
  ADD PRIMARY KEY (`id_smell`),
  ADD KEY `repository_id` (`repository_id`);

--
-- AUTO_INCREMENT per le tabelle scaricate
--

--
-- AUTO_INCREMENT per la tabella `languages`
--
ALTER TABLE `languages`
  MODIFY `id_language` int(50) NOT NULL AUTO_INCREMENT, AUTO_INCREMENT=834;

--
-- AUTO_INCREMENT per la tabella `repositories`
--
ALTER TABLE `repositories`
  MODIFY `id_repository` int(50) NOT NULL AUTO_INCREMENT, AUTO_INCREMENT=126;

--
-- AUTO_INCREMENT per la tabella `smells`
--
ALTER TABLE `smells`
  MODIFY `id_smell` int(50) NOT NULL AUTO_INCREMENT, AUTO_INCREMENT=647;

--
-- Limiti per le tabelle scaricate
--

--
-- Limiti per la tabella `languages`
--
ALTER TABLE `languages`
  ADD CONSTRAINT `languages_ibfk_1` FOREIGN KEY (`id_repository`) REFERENCES `repositories` (`id_repository`);

--
-- Limiti per la tabella `smells`
--
ALTER TABLE `smells`
  ADD CONSTRAINT `smells_ibfk_1` FOREIGN KEY (`repository_id`) REFERENCES `repositories` (`id_repository`);
COMMIT;

/*!40101 SET CHARACTER_SET_CLIENT=@OLD_CHARACTER_SET_CLIENT */;
/*!40101 SET CHARACTER_SET_RESULTS=@OLD_CHARACTER_SET_RESULTS */;
/*!40101 SET COLLATION_CONNECTION=@OLD_COLLATION_CONNECTION */;
